Time,V1,V2,V3,V4,V5,V6,V7,V8,V9,V10,V11,V12,V13,V14,V15,V16,V17,V18,V19,V20,V21,V22,V23,V24,V25,V26,V27,V28,Amount,Amount_bin,Amount_log,Hour
82450.0,1.31453919005614,0.590642763250075,-0.66659342070355,0.716564340123453,0.301977869959298,-1.12546746514505,0.388880528388934,-0.288389638013591,-0.132137450666675,-0.597738927671465,-0.325346640449052,-0.21643537583917,0.0842040799280351,-1.0546305617385,0.967932032509217,0.601226266062646,0.631116638308353,0.29507796789341,-0.136150702482415,-0.0580404050390117,-0.170307279387637,-0.429655035253663,-0.141340683112249,-0.200194626075649,0.639491494374774,0.399475692421549,-0.0343210089575542,0.0316924132520412,0.76,0,0.5653138090500605,22.0
50554.0,-0.798671774485497,1.18509290816488,0.904547185437142,0.694583749252136,0.219040575098198,-0.319295358148838,0.495236343903129,0.139268600382104,-0.760213608856806,0.17054681233401,0.821998442387764,0.46832176679532,-0.0575502861155432,0.573006314979332,0.358687757777865,-0.0116327063359799,-0.50456991587577,0.722749576258471,0.861540918769592,-0.081298289388587,0.202287281499889,0.578699296051212,-0.0922450213734442,0.0137228520784373,-0.246466055551771,-0.38005716679397,-0.396030194077437,-0.112900666069163,4.18,2,1.6448050562713916,14.0
55125.0,-0.391128406506541,-0.245539891457449,1.1220742968905,-1.30872519799771,-0.639891140047357,0.0086780487729283,-0.701303618716238,-0.0273152180810641,-2.62885398152764,2.0513119311392,0.575866440345067,-0.594036626440209,1.09788035031698,-0.338340143537802,0.617523289267047,-0.756389942993804,0.535140720219398,1.01670375383744,2.13382830557166,0.0657158454480811,-0.133485328557116,0.117403426988999,-0.191747896279686,-0.488642102118747,-0.309773631982889,0.0081004405864411,0.163716130219149,0.239582023422834,15.0,4,2.772588722239781,15.0
116572.0,-0.0603018544445645,1.06509322305841,-0.987420659335406,-0.0295669263015174,0.176375675350251,-1.34853873778122,0.77564426910357,0.134843223191443,-0.149734361017963,-1.23859782964672,-0.841133375918552,-0.586472388837541,-0.779619560269976,-0.436671254631116,0.747870869919611,0.266437282992763,0.703234120274037,0.916719418481688,-0.189966700503994,-0.169705933860406,0.355575901074426,0.907569764864002,-0.0184544448103831,-0.12626947334561,-0.339922557140574,-0.150285486710832,-0.0236339772764892,0.0423297321766305,57.0,6,4.060443010546419,8.0
90434.0,1.84843255870069,0.373363986127128,0.269271959391459,3.8664379415194,0.0880619529195074,0.970447127520637,-0.721945223774171,0.235983234601773,0.68349097039929,1.16633490493514,1.29753126342192,-1.92096557218829,1.88504688159055,1.32322534924524,-2.04448189781674,1.31765504618758,-0.441075927559015,0.804104385470907,-1.65833855716456,-0.282777066493116,0.103562657365634,0.620953629260106,0.197076838828891,0.69239236422978,-0.206530110838823,-0.021327853364964,-0.019822802502992,-0.0426818320481336,0.0,0,0.0,1.0
39411.0,1.32197869570702,-0.575195465659831,0.395503410710055,-0.551812648075679,-1.17234488601789,-1.03615163993916,-0.417695816571423,-0.228769752797668,-0.819610105594849,0.664582858885129,-0.508754125710815,-0.234832219022152,0.160393724037626,0.126382810115988,0.994191659189235,-1.16302302287649,-0.0649714223609736,0.886025666644818,-0.768040506226172,-0.410389489652245,-0.468704866684149,-0.977936022323078,0.113434525485654,0.396269278978682,0.0775036838145536,0.901030068656141,-0.0630111192738049,0.0171331292367211,43.89,6,3.804215052793841,10.0
100409.0,-0.342387450670689,-0.196129325363074,1.20125394393227,-1.32741937816825,-0.741833386420704,-0.570305858081961,-0.57423481781964,-0.228333122939884,0.95840653128544,0.249668796465746,0.178576864581711,-3.33890785936838,2.05272992255368,0.782320403242885,0.0789961464395472,1.39480362585509,0.590052546261606,-0.560052273976979,0.258708198797462,-0.165678263853772,0.286211747545898,1.04843921730299,0.128622830225034,-0.0541824447966528,-1.68906710272881,-0.481259377758317,-0.0633102476520805,0.324557558543426,49.83,6,3.928486731458811,3.0
31054.0,1.45900811813266,-1.14424286797837,0.673747838239018,-1.30525722552206,-1.85058868641835,-0.944948502605085,-1.13035659624963,-0.113863690214598,-1.55723767661125,1.4399618219501,-0.633875435705874,-1.49033160048336,-0.687534324787364,-0.132358785598779,0.890525045361324,-0.129225144932901,0.496687013599174,0.0692358144305354,-0.238819402085529,-0.357990903484439,-0.369531447983478,-0.821023284572159,0.174704287067773,0.29486468366473,0.0816899529510391,-0.408069013473166,0.031006766231938,0.0309603688900982,35.0,5,3.58351893845611,8.0
111675.0,-1.2104755863878,-1.18607738341811,1.11594940389539,-0.202103250544469,0.234418371122772,-1.01453676204811,0.338384649603078,0.0800205683549004,0.533067912704854,-0.97396585251411,-1.11669462757997,-0.405257400484153,-0.846176821433689,0.166103372610589,0.747668885965569,0.459407022992626,-0.718979812055992,0.280403572641957,-0.40615421651468,0.537181811639383,0.0899174624586889,-0.479130121054584,0.692103848922618,-0.132879982495323,-0.0751150670558421,-0.610494665686763,-0.090292023137925,0.0294324210326921,219.0,9,5.393627546352362,7.0
18895.0,1.24533658991321,-0.273575908149224,0.683713454365785,-0.766522857532907,-0.472246046876152,0.190399197200019,-0.682181602700452,0.0208461968816207,3.01757857184735,-1.52566215217805,0.140249922603644,-1.45914023576534,2.66174744665277,1.08069754352832,0.745962928289283,-0.56257863513495,0.508369384008138,0.172654155074422,0.300443135359576,-0.0922082397281619,-0.172926799385213,0.0598865595477234,-0.119483106014346,-0.790592369297953,0.543437384365016,-0.647129812397719,0.0864504717479027,0.0207318264007353,11.85,3,2.553343811341229,5.0
42330.0,-0.897612391760322,-0.639782874724809,1.71804604229831,-1.64055556012333,0.042526359960989,-0.73840390880941,-0.331165639722183,0.12386449840528,-1.41501320771345,0.190985617870253,0.63813963030595,0.28334775334534,0.430793779603648,-0.0289232820959412,-0.264125751157048,-0.632465068206576,-0.757324385187244,1.79370165253029,-0.988949684053463,-0.22330655093441,-0.172235664630961,-0.349271805185227,0.0961796391922873,0.0231224891916619,-0.419010783690603,0.808462558268289,0.0160101872507678,0.124318057879698,35.9,5,3.6082115510464816,11.0
154024.0,-0.348468108777937,1.07170766832043,-1.98656971696683,-1.59970623710211,2.91507246899076,3.16960514951662,0.186222265443771,1.14004714644514,0.0093311910994356,-0.504684542751793,0.102230270503693,-0.0785510218174002,-0.397615052037481,-0.714486402603193,0.161444460446133,0.232884607187233,0.40860375953075,-0.381299381014573,-0.430174020795183,0.134521351160301,-0.374741762293092,-0.913435934076507,0.134546119813084,0.5883284567565,-0.375640909569312,0.142720660194192,0.0627579183680741,-0.155083248387361,1.98,1,1.091923300517313,18.0
81853.0,1.30179753039177,-1.17003224269508,-0.244465729261431,-1.51567457503887,-0.870002330368384,-0.295976111352906,-0.535384560536111,-0.100750308379849,-2.44168741749493,1.53629762473003,1.24975515279593,-0.142037101272733,0.392930427610519,0.175151617829096,-0.118222084798044,-0.646322426600666,0.562520740994352,-0.394186551849598,0.0573419367124973,-0.157470294983372,-0.390949842053984,-0.998559380799438,0.0465598883921948,-0.351427028966352,0.247605867256221,-0.427378433929668,-0.0022593668217029,0.0151414319220596,108.22,8,4.693364196724008,22.0
56703.0,1.19704827379311,-0.516516872267276,0.445304982112958,-0.260483755061885,-0.645503946197992,0.126350851501844,-0.509841837284006,0.080491811686955,-1.26200804692374,0.817987332213451,1.25433044430322,0.970095219782201,0.980227335428427,0.184030205990991,0.45450882174139,-1.15045007307155,-0.300066524447989,0.906310411328659,-0.83866347704525,-0.371207559025782,-0.572872789666697,-1.29654730338537,0.188383280966876,-0.340980840875313,-0.0403203488640702,0.0586746808532907,0.0067453855218606,0.0203075527661847,56.19,6,4.046379057927225,15.0
128733.0,-0.895189391724357,1.49124385780496,-0.548949559756581,-0.542847345496608,-0.273443059852314,-1.25894994984301,0.29442890405764,0.654136747096796,-0.190774633411363,-0.553083641264218,-1.18905138192096,0.477199942009111,0.144252865157349,0.674635658030773,-0.46457773052804,0.130571935910697,-0.0780339097097434,-0.691378128084321,-0.12863960683901,-0.120531529851324,-0.203556088558888,-0.618293347758664,0.183749270612201,0.0353413889458483,-0.392345449064126,0.14644689513055,0.106535173856377,0.0231422401325097,9.99,3,2.39698576841553,11.0
154352.0,-0.875346864815914,0.645340252246518,-1.26778679804039,-2.34385775441206,3.49133866863605,3.080201487247,0.725262280360381,0.782234370104201,-0.241907611348626,-1.27389242022367,-0.018316982161568,-0.218000853584589,-0.562654540304943,-0.824527238294068,-0.499613836744886,0.594692534985488,-0.0740622361952992,-0.476167737290998,-1.38769626844896,-0.319979978763855,-0.269983006959495,-0.877872338846028,0.15879128855197,0.588344737254388,-0.287529949096467,-0.0343398792919708,-0.133972544278009,0.130334678504307,13.99,4,2.7073833121145063,18.0
44022.0,0.647704399569957,-2.5039052592163,-0.0607408974917158,-1.31233274747936,-1.61972941755861,0.400628125844156,-0.759467727577713,0.0829589148703388,-1.89799298413344,1.36407332433048,0.763015267801218,-0.655567622812896,-0.0891766754690501,0.0403210183123199,0.486711000608025,0.0044425628807575,0.256679362129882,0.359766129719439,-0.17958432093937,0.492383394337229,-0.0868082471170271,-0.89061775766822,-0.252644474975439,-0.724637465707285,-0.0591996524567579,-0.397580911300275,-0.0296023647053546,0.0812544816593942,435.7,9,6.0792464604915155,12.0
52222.0,-0.82015895242394,1.5338162913775,0.34826800223488,0.959055981911671,-0.803733819954847,-0.505717647111305,0.229738803509968,0.679652914275893,-1.25365269681248,-0.38942344175954,1.28973337150272,1.54678039765312,1.13043010002686,0.89326123082119,0.122459578492314,0.0718233406556833,-0.126968707745992,0.452459395459543,0.539769826766716,-0.189845269070848,0.304264778988978,0.64976655068413,0.0373228240072749,0.576146694305845,-0.134947963212036,-0.370888270968927,-0.273767722294868,-0.104778520535664,70.65,7,4.271793154274181,14.0
42510.0,1.27031818788739,-0.873262787517961,1.03750281966146,-0.378283366832608,-1.53575203693414,-0.255721183858338,-1.09755863728268,0.120012872305793,-0.0158301617658909,0.444003750313002,-0.29317463145208,-0.561453806077377,-0.62304702309534,-0.546323041160241,0.095504095922641,0.489286095635023,0.968786834701547,-1.70762036807536,0.175944940134283,0.0010884225041366,0.32042811521521,1.03613256054686,-0.0836945903814652,0.446796864853595,0.452014238055741,0.0071124842957808,0.0512322949106561,0.0200135142445981,24.09,5,3.222469360378331,11.0
142570.0,1.99594739408916,0.131800267136357,-1.74939503437275,1.19037825384325,0.65859884262665,-0.596223994682745,0.536748402402904,-0.242392422047261,-0.0129330235822923,0.426883152671855,0.34861639185313,0.815962889850993,-0.399881964176564,0.73315367982157,-1.17524841006104,-0.419650862211082,-0.515077851381652,-0.0180180641211996,0.214117770922641,-0.266947081125385,0.0795817447772483,0.398302703896795,-0.070233632504088,-0.46344017733149,0.473631478167978,-0.482762495265683,-0.0215471052193327,-0.074904873424306,17.82,4,2.9349201341572337,15.0
78271.0,0.323701940972641,-2.4522076361641,-0.88430875834207,-0.0102073312881514,0.575348266206899,4.36767479840189,-0.8373518736164,0.954459113356487,-0.235813522170885,0.36625345038706,-0.937473861880661,0.139321897514785,0.251633919473723,-0.356892002243048,-0.318067142326953,-1.31372510968464,-0.255752302629111,1.58524034778271,-0.530112660323474,0.612043045906139,-0.283215777498301,-1.39010927548007,-0.389623760614467,0.981680032908697,0.298997143732849,-0.494221094955883,0.0042364966240021,0.123386793841219,521.99,9,6.259562343423234,21.0
36081.0,1.30681709495439,-0.5418983696791,0.166025672779155,-0.632248303076753,-0.698126565040121,-0.418271477879202,-0.424042078182586,-0.0368906740796645,-1.06221747508937,0.697322045599396,1.6402547531313,0.444013709335939,0.0384010326297725,0.0051555355891562,-0.714247591557438,0.361305822763253,0.714338358403298,-1.7039940138317,0.664380154985907,0.0479301226013283,0.250819483883411,0.764576641456469,-0.132647861720525,0.281171927606311,0.660827022324465,-0.0668618696806751,0.003070726795815,-0.0056649439561774,20.0,4,3.044522437723423,10.0
149829.0,-0.707811560219556,1.49688531862058,-1.22525206924111,-0.580504070905456,0.703234578229353,-0.201345567688337,0.437035645598624,0.502897574095366,0.0255844621468677,-0.172370369403752,0.231285761783465,-0.245629018198135,-1.43969846974639,-0.260282920201211,-0.550479983790159,0.488941191144314,0.396192506944846,0.639950952631972,0.668366970918987,-0.027811568174836,-0.180086141299313,-0.568096053726503,0.258502537664024,-0.0038915177279442,-1.30547229279272,0.058637242276184,0.167858161264945,0.325919923122451,10.74,3,2.4630018143999504,17.0
66406.0,1.28348081223234,1.35302264420823,-1.77637441452811,1.52175823656518,1.1588140756468,-1.52520506718786,0.826378185489203,-0.405620469857098,-0.547825584417423,-1.5757572027773,0.527918043500832,-0.170487346712014,0.841613760313291,-3.58597606245672,1.00945640188275,1.13908285579334,2.47531293159012,1.38622157276401,-0.656027511449674,0.0367709353732756,-0.232948296986253,-0.523908757902666,-0.280757006043432,-0.415167292424875,0.954291115547874,-0.26629152090947,0.0451468440853999,0.0938264786499248,1.0,0,0.6931471805599453,18.0
145557.0,-3.02186974727536,-0.833332491521625,-1.39480085533396,-0.336336181083527,0.431524108422639,-1.29571002018054,0.123993235385861,0.494168310589218,-0.345861752884795,-0.181469286354305,0.29217980898693,0.872068238330771,0.314264866487003,1.0142461910837,-0.379769492340429,0.775961763074348,-0.703100206809093,0.478771292507162,-0.0533885350796992,-0.652654389794301,0.196372292195218,0.884796660033624,-1.23771709070107,-0.121138871675561,-0.702631364921156,0.667778630082871,0.821542533285595,-0.624247178897092,216.59,9,5.382612558043431,16.0
155288.0,0.189727866560077,-3.38954013898479,-1.93483047005889,0.593070766001237,-0.310143575210923,2.11122424083906,0.396798175923503,0.383007572040431,0.827281898129946,-0.432787456431434,0.71932283330683,1.00699120955425,-0.282058407290824,0.380588898246457,0.147765321837236,-0.241145619938398,0.112277637446111,-1.20409702151743,-0.527651818153986,1.52550895863598,0.178944941643566,-1.30570192750058,-0.267148100599636,-0.932573051132225,-1.10085629521468,0.133896364250625,-0.172111115096315,0.0849957054555459,888.61,9,6.790783164440333,19.0
149148.0,-1.50288873203388,-0.887739931693246,0.585543711986008,-0.752828324815095,2.47422614876654,-1.77096215372199,0.0324026332913449,-0.0115437200523746,-0.0531381003940893,-0.764978320309254,-1.82291648504073,-0.437192803350135,-0.605570663177263,0.315793508452282,-0.499940589174575,0.28154285127364,-0.769633500718992,-0.394368330343023,-0.188429787392463,0.216058128654082,-0.137966333902607,-0.911843426618155,0.12362642565628,-0.744836160797249,-0.0825012560293404,0.138790052163593,-0.0203473116975251,0.15277149731716,1.98,1,1.091923300517313,17.0
126959.0,1.79539615923032,-0.679893444620136,-2.01714866080065,0.373529849994747,0.156961626755605,-0.647662178182199,0.356175851981168,-0.0855730539603803,0.505214977802203,0.297301443176347,0.356617705629511,-0.564137131433259,-3.15531328120833,1.24776221779895,-0.752709429604872,-0.305375607483712,-0.0879490513832101,-0.0162582369163245,0.395113741590516,-0.129222869853553,0.0981821263014632,-0.0048402388865506,-0.0024301928556967,0.698182288251916,0.0611975478636411,0.552722088458653,-0.150156690198019,-0.0659770311053646,136.0,8,4.919980925828125,11.0
68202.0,-1.12789970248559,0.749964399035807,1.59989267484621,-0.556755953122096,1.52093242669772,-1.55763412887586,1.48484000444587,-0.506063036985641,-0.844074020299155,-0.809160421144274,-0.395996220807444,0.505529960181132,0.938953829482435,-0.073016584461659,-0.570514098234749,0.166656881239882,-1.06708296041581,-0.557371347010898,-1.75351429469424,0.0059607231766901,0.0510704304968396,0.129122268940802,-0.454151925139596,0.414807625826413,1.0276863672324,-0.571980454235597,-0.195311824567854,-0.167534794934252,0.89,0,0.636576829071551,18.0
155516.0,1.91146480555824,0.450069800822864,-0.574954591927256,3.92056597131894,0.291036722753296,-0.0523803892934313,0.136529322273349,-0.10083993817233,-0.615584445149767,1.38077645841895,-1.63671118730486,-0.19253522900775,-0.151347466110742,-0.0036431454475422,-1.51340636504132,0.491836858962082,-0.556340919274913,-0.472008786182242,-1.29060097763423,-0.300017038424099,0.0684253857045655,0.370268774659216,0.0602778219690391,-0.115442315080828,0.148695503954528,0.10401317314348,-0.0279003468702606,-0.0513773523308424,11.37,3,2.5152741864043966,19.0
119036.0,1.95482028170438,-0.185916923125864,-1.84597830450352,0.310642045783385,0.421885054816653,-0.809946524589754,0.481854585119696,-0.32432086764232,0.277831103595172,0.109261801224653,0.617641846549293,1.14638302392146,0.213770711951037,0.614877733228055,-0.737581006163679,-0.524248158408898,-0.511839868427613,0.185419235038015,0.335914194202335,-0.118964271459081,0.35362358842276,1.16076332232805,-0.230754061464014,-0.312424381015688,0.561260788097,0.051685790377657,-0.044998619003723,-0.0746480308001069,56.89,6,4.058544658090914,9.0
76628.0,-0.466142066633655,0.729215304634924,2.55700587704237,1.59762951143307,-0.628207602813709,0.207327684386478,0.291004528925197,-0.0817054281320736,0.243615839454256,0.0650835798521245,-0.915297947186575,-0.778670436134212,-1.2183472017374,-0.26767416034299,1.0228094191708,-0.877212251830532,0.43664394904762,0.493502014732116,1.63472081777301,0.139825217586624,0.100362010512056,0.628185576402625,-0.403654048216986,0.4132021633888,0.273642662749569,0.0320531941602199,-0.149748488704397,-0.138259032729403,30.39,5,3.4464893708538624,21.0
61972.0,-0.303047771865808,1.29682847097134,0.721236872527861,0.997836574641761,-0.181849410071502,-0.785637639662513,0.527266598720417,0.16439388135759,-0.94482661635573,-0.428849098103784,-0.372304500832757,0.914325395079748,1.68315526403305,0.311508880538964,0.807028048073229,-0.219357992746152,-0.132076288026833,-0.0680814566801216,0.327218465430321,0.0015875319851177,0.202527353623394,0.549480526374153,-0.0328150504782532,0.437121203670161,-0.0731638850439513,-0.33382118793152,-0.0395864430315725,-0.0134998381050304,27.22,5,3.340030946424668,17.0
129588.0,1.94045874643842,-0.856195243752375,-1.35066585267271,-0.769439746299601,1.42850033713506,4.02157252039174,-1.52176877546715,1.13622533727327,1.22011239464472,-0.007624522686843,-0.101834867930886,0.389296669927473,0.0894586779387224,-0.136574430105419,1.18127096694093,0.588168997154578,-0.722829364058798,-0.102557956512182,-0.439729493843282,-0.0749447804749623,0.0383965458216773,0.128855927651656,0.349833740682544,0.730630785593169,-0.563443765456289,0.50099517955049,0.0055075520953875,-0.042417794579563,19.5,4,3.0204248861443626,11.0
85120.0,1.23172657403734,0.31078253956583,0.080446393847431,1.14019955543765,-0.242848854011754,-1.10090889448574,0.324533779827225,-0.230296275074124,0.0284053021035049,0.0484248981982461,-0.563229997613851,-0.367683921727285,-1.11447950760853,0.692141702242618,0.896058917294891,-0.0301754215775224,-0.295085237419331,-0.171427671074796,-0.279415529113676,-0.194687654714044,-0.0345001898665895,-0.13409370100772,-0.0919135467566646,0.352602904786879,0.686941214845208,-0.355456980841185,-0.0058399122476266,0.0164902419707089,16.3,4,2.8507065015037334,23.0
32345.0,-3.21754308226548,2.45386898165513,0.450088038079514,3.51323715050706,0.825451689430049,-0.168210651359426,1.09147813600429,-0.582235723714144,-0.186056157196958,5.23305969693761,1.39496193708168,-0.334004205593149,-0.434946466057184,-0.467179828281365,0.198246518998255,-0.131641615140078,-0.610046647261656,0.0977062332662583,0.513840553127339,0.56299142904632,-0.413716679960662,0.286533737037498,-0.0584813126348542,0.314777719171125,0.116800261017336,0.176101178161424,0.389827386210765,0.43172416810502,21.99,4,3.1350593387750902,8.0
154199.0,2.25673217669296,-0.588982045310055,-1.57396452783828,-1.06594550672878,-0.0831828178519488,-0.809650381192959,-0.263420904421542,-0.405068036103851,-0.750912135404039,0.828944405885446,-0.6619346254895,0.0339849788200688,1.77491255814455,-0.302225300532665,0.227889123350694,0.927619540655846,-0.0732348487280038,-1.35095155527803,0.540861407965013,0.104436413113942,0.424606812191729,1.28257174155709,-0.0345175693075613,0.574734446978733,0.314461635311958,0.0463908036289523,-0.0347787853634415,-0.0582516776126534,15.0,4,2.772588722239781,18.0
123701.0,-2.1093100245181,2.11642110055654,0.589708998350573,-1.84614860833976,1.07713631048595,0.305641782902389,1.41960548077194,-1.05119675662111,3.06497784123796,3.19563794616309,1.58139238268076,0.0744100898152873,0.0336641487294854,-3.40088792106972,0.164625241002769,0.144287060704123,-0.793995389567964,0.606395086651527,-0.167864163420032,1.55993984404542,-0.781345762517309,-0.585637194518864,-0.220381091927375,0.0517204126756598,0.0497892272783378,-0.51688446365306,-0.870189281345851,-1.26336658643558,0.77,0,0.5709795465857378,10.0
61112.0,-0.817836912666622,0.859583978811558,1.71541978735947,-0.536329508854947,0.456756522555013,-0.931950155003347,1.00167427089222,-0.398503219093417,-0.0422055106977803,0.11993363485756,1.57563496617451,-0.0548926962161365,-1.18884061763238,-0.51078901833308,-0.0668743362047171,0.614899625197599,-0.591916719044328,0.284902535315091,-0.517093152467177,0.0513279713197895,-0.259052407299744,-0.527169036139306,-0.0998633936974024,0.45403854099405,-0.464156722327639,-0.17906517965582,-0.287557752457523,-0.240537105514759,3.59,2,1.5238800240724537,16.0
122270.0,1.86510217090672,0.394507892052327,-0.642936060069466,3.72232141545184,0.556803311196319,0.676408484568712,-0.0435616620342628,0.161355132485351,-0.892785405003525,1.53671445266458,0.240587575983801,0.502725702895405,-0.303599734811564,0.203993453035306,-2.12938899292978,0.608733192003921,-0.70908794372777,-0.0800431864801004,-1.12478784454207,-0.281327901538936,0.128658145382556,0.478911376967576,0.115866790252625,0.696584468924498,0.0987872610932641,0.0472988133813085,-0.0329318296759367,-0.0540884067889609,7.56,2,2.1471001901536506,9.0
130252.0,2.25541526630162,-1.49263924913123,-2.89713770186462,-2.68746645176955,1.52636606126447,3.03216057829492,-1.12513432856858,0.622149263599259,-1.9107365355147,1.66926713798538,0.0254435129581397,-0.805232785061396,0.302401050868599,0.20864410808754,0.504050722112778,-0.722782726751198,0.373965270288669,-0.549217118316179,-0.231157615759773,-0.289857797266213,-0.290489940604863,-0.621101138526112,0.302454351367265,0.659270620406477,-0.152725456810058,-0.29628837899969,-0.009959691422484,-0.0571810158557674,52.0,6,3.970291913552122,12.0
66883.0,1.21772427452892,-0.627781182317182,1.1942833179904,0.605758479046562,-1.29052066486498,0.380356513383686,-1.09442608955678,0.269765576613645,-0.39771945229836,0.839999178174622,0.295282277370183,0.51400673450094,-0.12589572158203,-0.251582560464149,-0.64157192491294,-1.07017726667313,-0.353112663549583,1.93130483759935,-0.612779711589835,-0.524200568830147,-0.393476782515184,-0.544247242132135,0.0214428437901598,-0.0605209830407918,0.293121981962513,-0.387737532228316,0.0878677763427217,0.0306242153113783,21.1,4,3.095577608523707,18.0
114003.0,-1.27886525584602,0.566725431221509,0.543100784986035,-1.23363429442673,1.96107738303644,-0.452520722935452,0.877219492911011,-0.0424976343880686,-0.17100196817439,-0.731454565182167,0.340595003571595,-0.657633633251024,-1.69806848728081,-0.778338614809553,-0.795488538778385,0.801151597582886,-0.184396380300585,0.574257260057492,-0.0047924135069736,-0.0406713583873039,-0.477685389881014,-1.24696828158174,-0.499126386694384,-0.03351093635954,0.601182720403026,0.210584057849536,-0.0377409479756682,-0.149132535014992,7.99,2,2.196112848483529,7.0
124267.0,-1.08399499439808,1.08309286759087,2.0856009366447,2.01970771709777,1.56119852257689,0.060076241648903,1.54141956438372,-0.361699244261871,-1.10751672129601,0.606601219616606,-1.83929153545141,-1.28139858764593,-1.38571721570657,-0.442458166792959,-2.23655575101718,0.706956535404247,-1.10636716560445,-0.483206290025012,-2.49901591424804,-0.215294905103307,-0.0238243189443409,0.142825810076775,-0.629332404407952,-0.210890996504913,1.00572712971495,-0.0148954593875829,-0.523347139444959,-0.362877665266896,11.76,3,2.546315277916644,10.0
53518.0,1.13758920728592,-0.610793770365206,1.01130755244392,0.726259157963208,-1.44721998372512,-0.558740023689362,-0.6171762537536,-0.0931032095315268,-0.518615082781934,0.654760589541237,-0.582643056558829,0.287402358357058,0.531269217684456,-0.288475806447478,0.262647430046607,-1.55045682698381,0.041005682121072,1.29210196260559,-1.26152128243829,-0.39184651434417,-0.175431490601335,-0.0081727270320263,-0.0771962455330749,0.715494625139412,0.46613846868174,-0.251454514853128,0.0671398582992508,0.0504624046871424,79.0,7,4.382026634673881,14.0
129983.0,2.18077293918905,-1.84146747541801,0.0676143077813119,-1.57361504042346,-1.95422064319017,0.236662884044451,-2.07844750878684,0.164407984266207,-0.406160590692381,1.47352682859327,-1.40048358127369,-0.93823686865147,0.69623246882269,-1.03286530882557,0.575977496470416,0.288238443761516,0.0163848972467339,0.81983737875636,-0.472542599342398,-0.304043843987809,0.0619438404319551,0.622201143415506,0.241991305451337,0.463394894266862,-0.48904614443039,-0.11187861968612,0.0686253510176447,-0.0157056675747017,50.0,6,3.9318256327243257,12.0
163300.0,2.05521648152278,-0.828343115726232,-2.85725217548907,-0.644722955986725,0.492604347796769,-0.782742202593682,0.482505618892342,-0.389004118333771,-1.21607173042497,1.19233634809624,-0.0155010017610304,-0.405873037369235,-1.18803516201045,1.11294597930933,-0.856360041182577,-1.84037181880282,-0.200015969730299,1.47582148053635,-0.190301792193716,-0.448565292613394,-0.0435007628959906,0.149512698929488,-0.211610646074196,0.2382075624536,0.482471618782178,0.99191814938871,-0.159419908298028,-0.0847317553768429,114.98,8,4.7534177624482945,21.0
70704.0,-0.840298150285633,1.15616256744971,0.0937076557955543,1.10256308821602,-1.25524747818807,-0.103896153004943,1.71466844378959,0.0348683312659132,-0.551836244752462,-0.368536623732112,-0.828506994348719,0.288159833871483,0.312225800879958,0.380933451347255,0.0442840108190298,-0.592542769196337,0.211946960894087,-0.144673368890918,0.61991529581698,0.033609775293987,0.12403354525027,0.559284846070687,0.139675623413516,0.416876926403047,-0.301300866103304,-0.332193657772446,0.31078050235441,0.125637529403755,283.91,9,5.652173340922971,19.0
162190.0,2.06410682423571,-0.0063006483979635,-2.83953230669774,0.0946347617701495,1.18488633458529,-0.906391090519592,0.973284551164135,-0.453408045689368,-0.0715726441114697,0.226887697032482,0.0306620588798534,0.438634524457822,-0.517819079920205,1.1260398749418,-0.663427536043083,-0.596173011013553,-0.623084848446065,0.251130997534148,0.665916155046435,-0.17102890478293,0.309982799010311,0.975690705467924,-0.38264318724242,-0.971962596576067,0.8832216965797,0.164851177045371,-0.0898304344558298,-0.0986249569341703,50.2,6,3.9357395320454622,21.0
37314.0,1.43845005461184,-1.10818642091788,0.765152066523757,-1.18335382735536,-2.05669474448339,-1.34516362362115,-1.04420783845574,-0.1479074429224,-1.59091326280584,1.46222979875481,-0.242669654876703,-1.62902345166239,-1.43803651573886,0.0933324398365358,0.825664621263186,-0.336101212797911,0.772680944801075,-0.183291288187733,-0.348117725169007,-0.429630676854501,-0.430672601442512,-1.03193569407748,0.286432652760196,0.79895471335999,-0.0212412889162666,-0.508494428079384,0.0210431478668891,0.032514581563394,30.0,5,3.4339872044851463,10.0
54078.0,-0.855491120733091,0.33884044068583,0.817797500109774,0.539719505703932,1.97217006579362,4.66186259957671,-0.56931773248837,1.13198906075441,0.599920583708392,-0.202992662153498,-1.1136243605231,0.276910127808403,-0.387802157469831,-0.783835503023634,-1.30362813521507,-1.00288849787621,0.377675217230056,-0.194091149421777,2.0627353661409,0.0400493387505521,-0.43081904444285,-1.04281098313088,-0.105238310368038,0.999326019584225,0.510255105185702,-0.373364987242218,-0.345101821051544,0.069986738017034,16.44,4,2.8587664184808337,15.0
122536.0,1.96757354599413,-0.477625934024505,-0.431299226062108,-0.0454637834525853,-0.524692837846892,-0.0297787303356909,-0.728711589959372,0.220480045990522,1.19691830604501,-0.0240299886500475,0.81763498641921,0.693869851560365,-0.91943814910942,0.318670336117007,0.172075703538286,0.413376389884129,-0.65524619861245,0.274133335214983,0.259546372736345,-0.249754160807083,-0.154798857780859,-0.396728567395489,0.43870259824864,0.651200086035597,-0.561314068323661,-0.330384220886838,-0.0011833604749439,-0.0424770631126413,0.77,0,0.5709795465857378,10.0
34505.0,1.20410843161655,0.165671174514797,0.608378788402144,0.558064338515846,-0.573148508784781,-0.799230887544391,-0.0770468062708315,-0.0384722790004545,-0.140805564494933,0.120244344414648,1.56677231252193,0.817132435317782,-0.385095042829218,0.563313495573254,0.379934703944514,0.466692478876258,-0.566364898479945,-0.0426988493383303,0.0977449694785517,-0.127575160889062,-0.199454380562611,-0.641354061736952,0.156958762848242,0.514444320313923,0.140758530233848,0.0664930476229939,-0.0362442127394099,0.0095291385411588,0.99,0,0.688134638736401,9.0
127583.0,-4.07730401825524,-1.1237438016813,-0.909737845697767,-0.558431023771731,2.36421358495462,0.935329676479058,0.540064724063653,0.1844081849278,1.39028297376763,2.1080133151832,1.84947188219027,0.430173977349678,-0.789007563776936,-0.234245128216884,0.849271501598751,-1.05482128662282,0.120150490446092,-1.55183062847554,-1.49175756618537,-1.30216340710332,-0.419648704816902,1.99920594091523,1.32767733515171,-0.496525114581802,0.0325615038497988,0.675537241173249,1.45096544042647,0.514755757443495,33.45,5,3.539508997459668,11.0
54411.0,1.14931888909078,0.301381279437682,0.394600936414389,0.571272353611764,-0.164918453827793,-0.375752131423729,-0.035678112161389,0.0268303936130381,-0.354803458484985,-0.181202681575159,2.15871277130332,1.46071935294131,0.810057628214747,-0.193555864563652,0.551667604377297,0.289868598549854,0.0548821735837761,-0.406947811009487,-0.349808354130781,-0.0541087004217867,-0.184375311160745,-0.508391080489117,0.15956384633173,0.203984394253193,0.109196964554448,0.0912475706905788,-0.0061119196036478,0.0214904163667925,5.49,2,1.8702625307159986,15.0
20329.0,1.0984177990865,-0.443084606008526,1.00086919134106,-0.724004624917936,-0.746183108028505,0.484721866872625,-0.933337876099331,0.328263447409737,2.88872694389505,-1.36545269314961,2.60207388670277,-1.08307565642334,1.13582513735214,1.60987520386193,0.379274420987025,-0.848750906112306,0.919340503309758,0.0943746355339732,-0.0829340710114736,-0.221714516686603,-0.0523822025568373,0.338629454558602,0.0184905161590614,-0.332702170046793,0.283946455573175,-0.683349954095288,0.0920140807389717,0.0130751009008158,11.85,3,2.553343811341229,5.0
132368.0,1.73834842824321,-0.830539804579204,-1.03597765685758,-0.0580831373525116,0.480441545188113,1.82275132669588,-0.666922962783662,0.591068555865791,0.921700453661188,-0.0594264285312022,0.707838049687004,0.973973919422049,-0.424974744745441,0.199107588523298,0.0469232200150615,-0.346873601262457,0.0885122287846029,-1.36833670447187,-0.271625409143479,-0.10693796098689,-0.306775280159361,-0.882621736841878,0.439390553761965,-0.973705646150133,-0.806524761321423,0.219389904199267,-0.0206493502886901,-0.0545788126928931,87.0,7,4.477336814478207,12.0
149167.0,-0.0012563472582398,0.938109123239064,-0.412720962210175,-0.767413658230035,1.4498385900016,-0.340376593148528,0.987783991565217,-0.0585220806854767,-0.599728579371623,-0.892555446259253,0.731217109117466,0.88508546851499,0.844168940263014,-0.908101040248338,-1.11928690930042,0.51719940160636,-0.0715517759756826,0.347916759576769,0.287362690727354,-0.023274271939958,-0.158559705257999,-0.411085688663274,0.101227459371861,0.211198878764885,-1.12139896257446,-0.0080046955893276,0.188210255341685,0.257197657983748,1.98,1,1.091923300517313,17.0
156153.0,0.145152965329236,1.13721341129005,-1.07041327242733,0.0208307106312246,0.261001045480323,-1.40314910685547,0.753037622354232,0.0524876259281167,-0.281509850736793,-1.2142271061025,-0.49786501093953,0.276811761621666,0.723944202784531,-0.759755480159256,0.582406802510205,0.211746423976456,0.628947742132204,0.681700920491768,-0.283083662080347,-0.124485220664652,0.350190906493478,0.988577054165561,-0.022953635635943,-0.0170354263628583,-0.233332489044981,-0.155830558280382,-0.0742005617504254,-0.040444830814092,42.81,6,3.779862101825807,19.0
107515.0,-6.05320313449406,-7.79460228989172,2.10814447573084,0.596168187704026,7.04420136213669,-5.07860342810005,-5.1571068934132,0.671845339669761,2.15780218934259,-0.844618397839127,1.695499921934,-1.03997035195701,2.52085932113478,1.80062119596708,0.564009521088223,-0.419290865005916,0.424470577585806,1.54202367725843,1.64228979859434,2.31906266738874,0.768833820546156,0.156870016464451,1.13797456305371,-0.338869870721713,0.786938125901076,0.577405361493561,-0.276698828539091,0.206991616926116,61.47,7,4.134686441505479,5.0
2619.0,1.19501587913443,0.203954009272122,0.620038939729723,0.648621730597049,-0.462716687699638,-0.71269771879425,-0.0173309195240275,-0.081290916562373,0.0363517218843786,-0.106709322183644,0.277991113379667,0.501278892331257,0.123310342130542,0.309939628919817,1.27240619774277,-0.0796110638138405,-0.019350069751399,-1.08387435472405,-0.599475983567162,-0.143977407031836,-0.20996259992557,-0.578992269975692,0.208192175763864,0.39180226916333,0.0973412110673711,0.104479259920325,-0.0127999337681191,0.0185863608828101,1.29,1,0.8285518175661483,0.0
81799.0,-0.919898238203673,-0.356502251980389,1.12782144155804,-2.49473231978648,-1.00385864893252,-0.538542867409117,-0.443255825286888,0.389396947775534,-2.90976562644504,0.626096768863566,0.554377960397355,-0.272603609091894,0.824710313243833,-0.0318774227016961,-0.829597499517352,0.115614632699034,0.0413862111459226,0.827406889962872,-0.458586682287367,-0.225992463283655,0.146572269280746,0.450833932564915,-0.157821897492295,0.0082309909866317,0.292291727447763,-0.18267610981825,-0.0525587517740612,-0.0121882344438929,64.6,7,4.183575695950044,22.0
154916.0,0.371828481471616,-0.407062672049804,-0.708617859227172,-2.61871817296149,0.0363447017323453,-0.80098176537153,0.675251238609049,-0.34070841617841,-2.76143680579379,1.10881386381145,0.174833601791873,-0.643714007545988,0.0829080820801727,0.113729116694879,-1.84175129847827,-1.01411539564421,0.349135939462925,0.225429893930482,0.214996912215431,-0.318185431658503,0.089735569138833,0.655208320687655,-0.194292802324766,-0.447962206682954,0.16487522484865,0.0454782367381744,0.0099211293041499,0.0057042453427593,60.0,7,4.110873864173311,19.0
36967.0,-0.524725066277396,0.902407575994838,1.55178361292208,-0.187381607424479,0.183742928988798,-0.117170960790542,0.510485999557932,0.225591066037897,-0.644781661811836,-0.185145013812348,1.5039934045791,0.679628730907829,-0.156549904935902,0.385512998219922,0.4102843024988,0.106982690505137,-0.36114117342593,-0.292670794130227,-0.0542884317746006,0.0859068759054909,-0.145377624730014,-0.37713186669767,0.0094768561974202,-0.0041788565010433,-0.2969430709616,0.0837802652664169,0.2751803946991,0.10803106340118,6.23,2,1.9782390361706734,10.0
77861.0,1.27445203378864,0.347971729676691,-0.0552418807726726,0.437378515980191,0.301378309448242,-0.102299894391801,0.0478633840374452,-0.0596945695751077,-0.0427766829923125,-0.350254027704323,-0.450569347574555,0.496777340363945,1.20639321056427,-0.479556337618079,1.31356551520857,0.390884316562386,-0.0810176314242021,-0.578952313654891,-0.245738951711465,-0.0322438830580974,-0.305872533145969,-0.799893017577941,0.0455073032677854,-0.783815014309756,0.284521364986686,0.173420767246441,-0.0019615722190675,0.0205881606664949,0.99,0,0.688134638736401,21.0
31714.0,1.14805653614301,-0.0803601728560278,-0.556299543848207,-0.0277214210033058,1.17859170598355,2.23439897393048,-0.512317564291639,0.756173394271963,0.146924770245972,-0.249352143236879,0.737075303935205,-0.232551224992709,-1.43537610760056,0.28483415210779,1.80725981871533,-0.0024317713686859,0.422584035926384,-0.962738379922443,-0.795948246505968,-0.267021207137325,-0.250983456689148,-0.687485750096592,0.0528182221471194,-2.83662691870341,0.0410827622128105,0.318843643198333,0.0305611605250671,-0.0156033567344332,1.29,1,0.8285518175661483,8.0
136035.0,1.86164498778048,-0.348840498711333,-0.500942591663112,0.409163089913806,-0.439811980056989,0.119107929781245,-0.851802411468967,0.225948653066449,0.89989521450203,-0.361102369099028,1.35117678245488,1.15354040243984,0.715558668457796,-1.41074625044323,0.196661527404849,1.15160647474078,0.0279518821968411,0.883492086735553,-0.300101347372956,-0.0114391395173136,0.0264537909626466,0.132794519971426,0.30699088167446,0.638127490014897,-0.597930223499145,0.288057385797373,0.0010558647616918,-0.0071482237880462,39.28,6,3.6958550678503617,13.0
42472.0,1.15960475809455,0.40362595130376,0.523388963148238,2.49311568096115,0.348970974529843,0.832643047565691,-0.0523354121112708,0.103183891148826,-0.344918642518049,0.433379416770464,-1.31674429097798,0.69098979874514,1.34363519800148,-0.473093326049014,-0.729958647274071,-0.0148692517632358,-0.249948966343037,-0.859510249770216,-0.670340748700659,-0.0811634857467873,-0.0875233259866382,0.0286214356733353,-0.176312647326208,-0.716243839549214,0.706560096612304,0.154335921423746,0.031385642539913,0.0125135107925393,11.71,3,2.542389085201363,11.0
97635.0,0.244436590757077,1.25966077052989,-0.640591183099015,-0.119397438746787,1.19969808328004,-1.25492619591675,1.44174096992468,-1.69156918005836,0.774882133872919,-0.398679437885345,0.428470975093142,-2.11442707038392,2.45610817427648,1.89514796755431,-0.354866763134609,-1.31260404017344,0.699891823673484,-0.190640483498255,0.727950795042341,-0.178778549243873,0.908531314049791,0.823351953832784,-0.0575425896016732,0.012175659692417,-0.876021927773788,0.131415665458367,0.0944905905449446,0.0338221876774744,11.0,3,2.4849066497880004,3.0
75776.0,-1.07818427504042,0.201606392594654,0.83962229027908,-0.494824346374221,0.507284345715839,-0.817663794577481,1.72382306205631,-0.27838784799678,-0.880732825501635,-0.92862987529271,-0.838703121101034,0.102402853165871,0.646276016759941,0.223666549987673,0.110598016746475,0.341069749455244,-0.736695719949861,-0.59499037133812,-0.275920084540816,0.465133812955331,-0.180392765262336,-1.06183119597401,0.403184036221582,-0.173165605466257,0.0992892133768626,0.0087456672618425,-0.0752408682749666,0.112548888886126,204.9,9,5.327390614033744,21.0
155170.0,-0.289312575511741,1.30419694725517,-0.420008754547012,1.12885288548967,0.506308846077809,-0.316533426586082,0.283804242567568,0.255210369545978,-0.799186176662234,-0.457493303941846,-0.551887379835792,-0.0691021021914103,0.473610917394524,-0.492431465106615,1.40027320822778,-0.767262321994801,1.65236800170949,0.112785025961861,2.7002239892344,0.141356143959351,-0.182104065117188,-0.478015040667648,0.24608822939891,0.548025741556453,-0.941698888672782,0.536034968334572,-0.040388397106412,0.150374836403272,1.29,1,0.8285518175661483,19.0
27699.0,1.21408745382597,-0.457960761491849,-0.433451021358944,-0.364814877981958,1.43733858455948,3.87350506137982,-1.17735658213955,1.03659958594323,0.681780910472911,-0.124320602458753,-0.410354003630628,0.151503703529312,0.0817543776691142,-0.163990284022779,0.830753254066209,0.654921720791785,-0.833110505858628,0.482466388559403,0.105221154289148,0.0691935641238945,0.0549286535915713,0.129037471724227,-0.109630881694714,1.06080554426534,0.504613580683353,0.480375465658986,0.012201938282315,0.0217419726944999,26.25,5,3.305053521109253,7.0
122342.0,2.19892200114513,-0.544878702331577,-1.11109076453149,-0.722763436751307,-0.632334841865415,-1.53433040331874,-0.142904041457507,-0.477761762753872,-0.657002883016317,0.759646780350551,-0.111873939330437,0.255674609448606,0.988742807787378,-0.196085878891435,-0.411478849207018,0.39527207714728,0.543302252672468,-2.22210128908466,0.594158996392835,-0.0277260345537747,0.0659410712130448,0.305895314591564,0.245663112295839,0.437452351139193,-0.0459624793518688,-0.303984332096161,-0.028207578769971,-0.0588360251362633,3.96,2,1.601405740736836,9.0
157617.0,2.12851175648007,0.0100122429232796,-2.49033545165477,-0.312104320322701,1.04549676063749,-0.645536323537998,0.605366115075883,-0.289781836807486,0.0397129495064645,0.186940908474355,0.456394452216495,0.479683221673629,-0.494298124028547,1.05234977619291,-0.142077464516718,-0.27159276501105,-0.678917796658224,0.15761100991237,0.578846828101718,-0.208986901920748,0.154768500856792,0.501010351586805,-0.0898003793798586,0.0778118705008615,0.482350867037733,0.232930129361393,-0.0960494093654771,-0.0892812291799944,7.6,2,2.151762203259462,19.0
147597.0,-4.23452032540243,-4.63035445681654,-0.197273081534488,-1.55339784510382,3.14280574985725,-1.46414064050418,0.170546080088672,-0.55240637411378,-0.938347975008986,0.698444560198898,0.0125575991098448,-0.365330711434883,1.28008213616362,-0.678919944232321,-0.517000008551495,1.90533602311374,-1.20886406214529,-0.482747414362739,1.00578705297291,-1.54205270818402,-0.293310973602325,1.47384526096452,2.52989649684285,-1.37603709402811,1.16707589731462,0.073641598736183,0.61201017514358,-0.577878826871081,110.07,8,4.7101606331790284,16.0
64422.0,1.19020894222784,0.350074531751468,0.424394289499934,0.715410777243822,-0.299517583982141,-0.777475118490036,0.049819912550288,-0.114302097029647,-0.0686549933033278,-0.341924132789058,0.530839306560949,0.691370423838176,0.645110414332634,-0.338306435532071,1.26768073062597,0.0679060691702356,0.363094806647666,-0.915125934363684,-0.682876714832563,-0.0908876402996811,-0.232758465231334,-0.615064061247301,0.19298522442617,0.373637575351375,0.116537438084914,0.10224389925918,-0.0029572483502478,0.0318115568896162,1.98,1,1.091923300517313,17.0
137724.0,-0.0697332797352427,0.77332410685154,-0.203603816950439,-0.751602915590082,0.346816920760473,-0.956961780993112,-0.503063838173703,-2.56504393858871,0.578442611827646,-0.360367523512902,-1.29799910902086,-0.372801054735848,-1.81254216153802,0.725989658133157,-0.513973806298189,0.29775218203635,-0.37845659676113,-0.697358053908286,-0.836783835240944,-0.87300113234799,2.01649862183267,-1.70946194541873,-0.237722961381196,-0.0774104801276067,-0.0120440358703421,0.0925859214934245,0.245696060659368,0.313249912411657,1.98,1,1.091923300517313,14.0
50926.0,-0.923756610762089,0.579012508324708,1.35364777968453,0.789227341472721,0.706120519936413,-0.449860859611906,0.377770370532307,0.0240631827670111,-0.223855575943893,0.734374428158855,1.4946060974438,0.0107432029195705,-1.38834729247218,0.526067328493872,0.774015304917521,-0.5261323617671,-0.126324020196743,0.181899557662526,0.261325616979761,0.147019418077286,0.0781679994783724,0.629055466939807,-0.204885651145328,0.216091810160027,-0.354142978670789,-0.331908664002483,0.436505162362415,0.0279074096705257,10.02,3,2.3997118037247684,14.0
52187.0,-0.836237803261074,1.15742638684187,1.53216629609586,1.48990836830527,-0.337317736421534,-0.28362123229218,0.22601333320788,0.490198942596146,-0.632491760022346,-0.566824848596719,-0.350373494030865,0.269487670505807,-0.554061496810072,0.469627754702936,0.222292661933436,-1.23186233387453,1.04009349399019,-0.763320752951565,0.585322983873612,-0.122258840343836,0.0662961366356833,0.253719608844045,-0.1192176593785,0.625308379730426,0.0605197068176185,-0.221448324586159,0.0256126367373258,0.0392675057293181,6.87,2,2.063058062429312,14.0
122880.0,2.02652990089377,-0.993196835842272,-1.16785150625937,-0.600631795452027,-0.414395490796589,0.191166938629387,-0.70671238850348,0.0698639528736644,-0.0033711230905442,0.741321057836431,-0.0534426752032891,0.39139974867466,-0.150560427138287,0.244243077889863,-0.184408084719952,-1.28247315032861,-0.65281812953189,2.08467729768254,-0.268363628675641,-0.511238477763702,-0.298261104384772,-0.398354229139447,0.14611928391168,0.0227854515892095,-0.0769301561241708,-0.692099394250227,0.0414128967188807,-0.0357004150172692,63.0,7,4.1588830833596715,10.0
155173.0,-0.541542733690918,1.59126592186705,-1.31779241366995,0.914144829761034,1.21249094746722,-0.0695124488522878,1.07980991083318,0.441074033923142,-0.993212098694054,-0.683962045073906,0.312592885649523,-0.285694679238212,-1.28661328198217,-0.337123680587377,-0.712591182573382,-0.196024254494992,1.13697945683277,1.15347365382511,0.994703640568897,0.0780498361928063,0.104454022211618,0.317556280428449,-0.173800424987595,0.0738431420653163,0.0848979535470202,-0.393216014552489,0.300986063047494,0.20742142915563,55.54,6,4.034948352265444,19.0
116093.0,-1.24233375678814,2.05903482622176,-1.45447274057361,-1.45721211244438,1.05043502408946,-1.41543805030389,1.62748090551969,-0.337152047431047,0.739138503876667,1.27087026368328,-0.911149334732765,-0.418807569449098,-0.754721954881425,0.354834462434434,0.0147504115982251,-0.755125336323609,-0.493919756624286,-0.367044493077245,-0.251420409132308,0.604031050791665,0.0250561241990208,0.752419205781661,-0.180374098241212,0.75061639251295,-0.0735493971539126,0.0245998927557832,0.457745033534675,0.0669993727976986,0.92,0,0.6523251860396903,8.0
134450.0,-0.719921747255747,-0.457425614861246,1.05519006265655,0.144376019659979,0.102198573716659,1.3714995428548,0.403534460982397,0.396322122807056,0.131707901389897,-0.736854642369386,-0.395109486921928,0.345637332542795,0.501773303752009,-0.198006743719566,1.3061209872648,-1.11544856516249,0.709509930531275,-1.09428075935716,-0.444213036503313,0.447267184248914,0.53660597599479,1.46771107265014,0.434305215265481,-0.966201430349492,-0.839884626673927,0.800862185895515,0.16633697526374,0.204022596066798,201.8,8,5.312220271717028,13.0
60946.0,-0.790766021949347,-0.183655438934212,2.19131892910846,-1.8218168355845,-1.03373558447788,0.0411771006904817,-0.27619889052244,0.277321379742159,-1.02074914734489,0.134270299182566,1.34582926750313,-0.750376141733446,-1.1466873569178,-0.153273559981417,0.159818935794262,1.54689531571012,-0.0366443490836605,-0.634310959853695,-0.445970753780736,-0.0695801845430908,0.546571688132624,1.38038783192007,-0.226416677117071,0.240201431296919,-0.110442869819508,-0.2077258898071,0.0178751341925938,0.0706306472814159,69.99,7,4.262539022051294,16.0
43249.0,-0.497267146512649,0.544434407717133,1.7210153657714,2.83488132052492,0.789900521785959,2.42568060862592,-0.239162549316714,0.892307556586803,-0.986532498312202,0.596620895742144,1.35543813468568,0.124574929155939,-1.59443233000833,0.445086526430195,0.303656862240128,-1.65334683203698,1.48586319642308,-1.40588292941545,-0.108394759971074,-0.0622577548171868,0.235961443967486,0.903634066888634,0.0776681173106399,-1.02932728344796,-0.863629181803426,0.331711332787356,0.250410458217174,0.153753851096189,18.31,4,2.960623096440423,12.0
39921.0,-1.28924364250824,-1.81078392167246,0.83086326668968,-0.568757285035589,1.07510389544739,-0.165009172839351,-1.0547080630227,0.111384780763637,-0.961979485803895,0.694180864412247,-1.27830183897448,-0.745974489782889,1.51784634856764,-0.590951219129068,1.57448338990729,0.959440571409005,0.150692647148659,-0.799863977792464,1.58323101676896,0.520242032313703,0.471908982302425,1.17519786238472,0.205070742471041,-1.24853344678288,-0.613637058708421,-0.0177201517157755,0.0219357282854665,0.485985237185516,90.0,7,4.51085950651685,11.0
39055.0,-1.01219511793225,0.754735029192523,1.35512583255969,-0.0002324263079218,0.120654442100832,1.5692811661204,0.932275959091134,0.0953946173187886,0.383837008294907,-0.0257074312030545,0.614049804657032,0.603128209179048,-0.112246578227484,-0.4766868685932,0.71911721693779,-1.82105020653485,1.20313758399671,-2.68853369428994,-1.33703896099054,-0.190284502188788,-0.103115698348441,0.263047286083729,0.011440071289203,-0.600974697072567,-0.361787374169647,0.276709768761727,-0.303514359718007,-0.176236034959119,114.32,8,4.7477108727702015,10.0
144330.0,-3.35798311757743,3.89913564820386,-2.36377939266807,-0.585937789280028,-0.274788466260133,1.96073382553736,-4.15019678921395,-13.3969383855507,1.08340823872849,0.411696364808873,0.637461703281251,0.851569935354182,-1.65984969063193,0.137094869857718,0.0429968627098195,0.530603360177654,1.31647806385484,1.54102985878906,-0.240444817485275,-2.86655545252789,13.2502310936316,-3.67819584393748,1.58171419405088,-0.804233193065069,0.853039027667931,0.0704999615441147,0.777844998690906,0.441935496004557,2.99,1,1.3837912309017721,16.0
149280.0,-1.28593685596642,-0.221973817486479,1.69599283485607,-1.02170336264899,1.73360578918414,2.34800063861641,-0.450478300395442,0.955286295849214,-0.162116121184878,-0.963654980491625,1.12633305411006,0.865465119792857,0.131348140175362,-0.0721965739014664,0.544716165834622,-0.734616190280497,0.322669217586853,-1.10334504090952,-1.27470885316752,0.0556731613130039,0.384415756168097,1.11912335256862,-0.28854882019685,-0.996144826420873,0.336818927537324,0.85127686316531,0.0454685545071405,0.041872993531257,12.6,3,2.6100697927420065,17.0
141952.0,1.88550143438415,0.365525409586616,-2.33104213375375,1.40964185957588,1.05148174362631,-0.626258783127154,0.682517022766414,-0.240095536114013,-0.243399202297327,-0.235985750315232,1.29930328306122,1.06710407652011,0.290295287825165,-0.916036324385354,-1.09358223267379,-0.0665756097613184,0.729543066385354,0.445399338979354,-0.17681226386877,-0.0691955420284036,0.0540045949061066,0.242276429725296,-0.0519377536441036,0.601841400514953,0.449193909053048,-0.549769255482681,-0.0103395293175601,-0.0215805535796754,59.15,6,4.096841442420688,15.0
107492.0,1.75203699119951,-0.254466701008194,-1.49059579345744,0.671396595612891,0.128310262818787,-0.738186874824505,0.0475264730468144,-0.215729978359886,1.85711161316528,-0.858108547974476,0.592963874140252,-2.89615750728922,0.931322858253757,0.662700110014153,0.442546298807383,0.871525550107217,1.17951868201425,0.174103265737712,-0.467102418576486,0.0758155719814735,-0.600777538563293,-1.90158818022439,0.441731085200478,0.357870025894375,-0.782429234179617,-0.168206496297029,-0.106214928954595,0.0056507238234276,156.5,8,5.059425458265688,5.0
151088.0,-0.23318493390118,-1.18013212573691,2.88683347463709,-1.96492819882367,-1.92892436469522,1.39590051734374,-1.72102666447741,0.626267986175753,-0.69080622893847,0.543682474996253,-0.634513704437543,-0.252303154139843,0.108401327258076,-1.78504464689751,-2.53034014075443,-0.73573853482685,0.819614989630165,0.973145354429901,0.930881050988091,-0.245743008642716,-0.0605386118461815,0.63103169769447,-0.391985171785343,-0.43144095440244,0.486476510514618,0.244896118709828,0.0651975655626064,-0.0557264851578225,20.5,4,3.068052935133617,17.0
87959.0,-1.37562295129092,1.39575594193114,-0.230344434658039,-2.84408965399013,0.694336621368691,-0.625198649755187,0.786893297698144,0.457453459817797,0.0399392016891652,-0.67171495747008,0.336658149004538,0.807064712576889,-0.0346914317357815,0.49297447685578,-1.13526677997328,0.685375706125001,-1.06163257318925,-0.18561840322646,-0.41829128194824,0.103973427330574,-0.280480190167302,-0.82086301395578,-0.0878065812434227,0.280454206270564,0.0841372078240114,0.356326931383261,0.30425054354013,0.215195475712222,1.0,0,0.6931471805599453,0.0
111137.0,2.10368339073905,0.0305029416505572,-1.43868243444498,0.328225949511905,0.350530668408206,-0.731849294750171,0.0220854462509539,-0.319947712942269,2.15538404933194,-0.450025988249997,-0.158018298157508,-2.65590606373237,1.09026979122283,2.02315594143735,0.255378870382894,-0.181604763712064,0.117298982667324,0.557771664657523,-0.276774869620048,-0.302896582270527,0.0879413911288963,0.618465206100552,-0.00147033083971,0.418123923509208,0.344581857303995,-0.473182596834918,-0.0277841926407597,-0.0575675658497097,1.0,0,0.6931471805599453,6.0
40821.0,-0.16682202788599,-3.13005384929236,1.42477252066928,1.71553143393862,-2.71726399559324,1.20484906569612,-0.873728573978788,0.337368278281411,0.780308317252435,0.068319758776075,-1.28278686155386,0.487068505480626,-0.179132188359624,-1.10792996527828,-1.26020449755914,-2.17641118036434,0.934708991691582,1.01752523234672,-1.42065589915566,0.722763351056547,0.169433662877994,-0.0034972254321906,-0.588637962836927,0.442808346565106,0.0980359782012709,-0.157277358436235,0.0375421001787978,0.161468567518154,675.49,9,6.516917665535587,11.0
48877.0,1.47609962994208,-0.750537603619645,0.131840531698917,-1.3259984218383,-1.08983499140553,-1.01750491063172,-0.484313680452327,-0.313637783732697,-2.33796640826041,1.38564176813819,0.27365093432491,-0.188602498824026,1.15246721652971,-0.163091432462756,0.433492648722537,-1.08426006370818,1.00312150211597,-1.22172526168594,-0.455512469962207,-0.325412387742691,-0.445749023454771,-0.874872684811785,0.210469426377846,0.361651877435186,0.250873379610273,-0.442836870331631,0.025105986690042,0.0176000594034381,16.53,4,2.863913698933143,13.0
63099.0,1.43975518686222,-1.13243339982949,0.689557583717844,-1.56614326372879,-1.38079473103446,0.192638590361315,-1.40232883324918,0.132130655377526,-1.92853914228844,1.5353362987504,1.21466943961369,0.0815639354188556,1.14809217001344,-0.414329769298982,0.34878576168814,-0.178679017904804,0.24694093943562,0.385713803136469,-0.390206209532566,-0.294126882472143,0.0030049682730551,0.45773799994204,-0.0293026568584459,-0.286978193841025,0.302776749721797,-0.072964234043975,0.0684298123340124,0.0114305752043552,10.4,3,2.4336133554004498,17.0
69251.0,-0.783113761128989,0.653123068977206,1.43281810468297,-0.43610720036939,0.723339593529041,-0.851572237355626,0.582932575478866,0.0526931455119455,-0.418159234983891,-0.993713560453165,-0.184273897014673,-0.112635230065417,-0.259539692062736,-0.321118783565757,0.638998000177102,0.396246080489957,-0.0120307979665041,-0.616141090760938,-1.23666053564845,-0.0961112021447016,-0.134489003765148,-0.54819513450795,0.0532751701492772,0.0104625285255502,-0.41092950381299,-0.0839978708098082,0.0696185306440745,0.140379537047668,0.99,0,0.688134638736401,19.0
74167.0,0.297103644317861,0.556396513745359,-0.67980503821111,-0.456081652555818,2.38273419779146,3.54969321243867,-0.315357765581106,-0.0107939423517574,-0.433781462610608,-0.187155112894695,-0.235233789905398,-0.0402245515050534,-0.123369220009156,0.600984921085063,0.974587713893696,0.373327016880607,-0.893797805501264,0.332878761625788,-0.0838328828431528,-0.120366027305411,0.75813842253125,-0.425946444545909,-0.225298170516813,0.997564533716416,1.11890147128454,-0.287072771499454,0.170670387891023,0.217573641401795,9.99,3,2.39698576841553,20.0
159825.0,2.0354024811509,-0.267076814482586,-3.45450169966725,-0.669954263380963,2.92149635721671,2.93060479428737,0.150152542007059,0.549781165106836,0.217610510618686,0.0023013440810313,-0.0846334837969241,0.359601011857343,-0.389162109653814,0.867077155700228,0.217468338246594,-0.960765536508544,-0.184964564455845,-0.685624679174325,0.0265179604440377,-0.140019811487957,0.146600989727616,0.477768323048693,-0.0624272514350658,0.752699534081113,0.586043531294838,-0.0505132079013441,-0.0390435039475293,-0.0761186571908837,32.12,5,3.500137329517059,20.0
127812.0,-1.12277119445772,-1.78979421155825,0.391612708661154,1.53047899089486,-0.994141055918196,0.759142898607557,0.450284318254573,-0.760535017640179,-0.0503161767693588,-0.2900436596469,0.289173705428903,0.0345505443577003,-0.890042250609242,0.690948341629166,0.73080146766837,0.569016645724299,-0.703443978039323,1.39672169807602,0.264750731109181,1.256521120855,1.40373091384202,-0.0377681244723154,-0.998462697721484,-0.399068833495121,0.702190824038632,-0.321514600357307,0.0784057291315473,0.339235956546566,728.0,9,6.591673732008658,11.0
100943.0,-0.118445284502266,0.358954843959466,1.19238242268839,-0.729443042036618,0.0305011649874961,0.736488312205605,-0.362578861757593,0.250601762048232,1.9361294750363,-0.664630343309533,1.18777661436785,-2.05318733718387,1.6024788248943,1.09188538845983,-0.952304969342376,0.963030639976056,-0.417954784308768,1.01633014168621,-0.325174472051664,-0.221337569386578,-0.01029640114368,0.17772985221044,0.117088151508662,0.172803174436021,-0.820513071674371,0.327716301065579,-0.256077460970416,-0.0169752518533598,14.95,4,2.7694588292308535,4.0
81324.0,-2.37304315520161,2.56343777068714,0.225780654125101,2.27404202122454,-1.00879140553675,-0.378412725595268,-0.474626651883922,1.5555289934813,-2.3658681986511,0.060909478890296,0.892558997352236,1.37773418874174,0.744496826453491,1.5657020206575,-0.366115730893346,0.848486895097404,0.127478643491883,-0.0974497696260821,0.318192756243208,-0.513653926674289,-0.0987227613098476,-1.08475552564313,0.388042090888093,0.46311161694371,-0.517477312937411,-0.517094123215422,-0.907652241154736,-0.148522812149903,24.18,5,3.2260500286162013,22.0
77458.0,-0.85217232891418,0.325603033123818,1.68837436692206,0.0743541223634193,0.444913164132562,-0.744953408275783,1.1260497962557,-0.229147756530286,-0.643763967769936,-0.33227138258626,1.32324935592718,0.66342434042028,-0.047314980560678,0.188439795005685,-0.393608029492348,0.319348406089511,-1.01346207103523,0.462718279467419,-0.785889373255242,0.201039479800074,0.272412770276107,0.653264156207108,-0.0187004158862392,0.533905004635718,0.0667127390073141,-0.551049069837776,-0.0944455870988104,-0.0854779396866302,94.29,7,4.556924873360097,21.0
169533.0,-1.05187513546724,0.864630138842279,1.91856475052399,3.52580750349134,-1.58947230022203,1.53831567370529,0.957469802178041,0.0823644542722585,-0.526786144203643,1.27065947585715,-1.5235878329237,-1.1919834873357,-0.560369525724864,-0.529773084247334,0.377442721795161,1.36849641524619,-0.884384738115902,0.776905864513939,-0.978541303521388,-0.340273155105336,0.179349854625456,1.00081744154742,0.227903439171007,0.0199008413205006,-0.918313210069279,0.0714652436994871,0.327444697490287,0.214554536368954,285.55,9,5.657913040997746,23.0
163609.0,-2.41598361473272,1.59671572499438,-2.47988827012041,-0.634828622738503,-0.629618040909207,-1.08491332519512,-0.620680366912746,1.73156770324662,-0.525600086379322,-1.45765463993049,-1.76386973341568,0.885552156461713,0.218363425895183,1.76073159484488,-0.413053777173389,0.147547761574033,0.452567562790465,-0.412556200895201,0.056800671921447,-0.904786554363155,0.190780874872253,-0.107757327255021,0.332681786739544,0.62020724079346,-0.444104771785708,-0.269435763402018,-0.96359635322157,-0.436071358634994,1.0,0,0.6931471805599453,21.0
37976.0,-2.0454844779655,-0.603428324671649,-0.386027636815471,-3.27817897569745,0.840525206600142,3.86859332661694,0.785816243142269,1.18395253398648,1.00914997211841,-2.47964614138354,-0.794848416113749,0.432498232081936,-0.219923605580121,0.0041716679325237,-0.203773490439521,0.317239865158858,-0.914543908024241,0.641046154191347,-0.491827744168128,-0.125064113403226,0.147327312851871,0.24374042215785,-0.357663240905057,1.0526862698374,1.11268129533993,-0.749815444305487,-0.0057141513747824,-0.173155965734943,350.0,9,5.860786223465865,10.0
171917.0,-0.313639176445619,0.970788202431766,-0.33233076441874,-0.683067989276951,1.09951471752309,-0.607828570155343,1.08090844250795,-0.255495188772404,0.0363918692618884,-0.0398961225880514,1.32944664580242,0.776301253833539,0.343000978022599,-1.2250992443077,-0.929687791827318,0.367417241461227,0.0104208691051542,0.129885588090349,0.0012524064104348,0.177380491328583,-0.365547461668449,-0.647241186364662,0.164404867811474,0.670894990674832,-0.412503334944319,0.0549115653465999,0.0633122939816527,-0.0949412219361284,15.98,4,2.8320361808832013,23.0
131115.0,-1.3364964824121,0.876129164323098,-0.527186809498058,0.95120263542854,0.349275752616589,-0.379758165020371,1.85374909125101,-0.247886915587728,-0.340451229696391,0.914044813852104,0.72591640796822,0.355264634685389,-0.746659246303174,0.534919606761892,-0.849749972923631,-1.00496296821567,-0.0862013632437263,0.115374948821689,0.952347088896381,0.260791662984312,-0.0054278405739191,0.713622802086514,-0.34135561039428,0.0413287839166533,0.0451406590786352,-0.440653975680164,0.29588690888352,-0.169544327881486,181.78,8,5.208283243844056,12.0
44545.0,1.12020865115649,-0.23833068516015,0.182675053488624,0.0159476315771187,-0.646738316181941,-1.12433359905523,0.15321157745909,-0.303415534073679,0.17076710057885,-0.234717575593916,-0.181833910353271,0.411595791888682,0.543023924490459,0.172965571337827,1.05599539135584,0.182389299086133,-0.30743439000466,-0.426041056771377,-0.0106475356318703,0.15151788205297,0.0778553257670927,0.0748390426503841,-0.135270724972871,0.498765057872568,0.358413682532925,1.09061676255134,-0.101772940303374,0.0175320542593033,97.99,7,4.595018834931716,12.0
169336.0,2.22610271893001,-1.52826640294867,-0.816557532167943,-1.64709469543581,-1.32604369275847,-0.268347085416546,-1.36262995057605,0.0373118856935526,-1.23713169171581,1.74353960996337,0.547459952068273,-0.570820510843494,-0.505539224520875,-0.137163145662854,-0.689030563748639,-0.247675403847157,0.260486607249476,0.577159184295448,0.102658469079276,-0.433489614395797,-0.113252454317656,0.063335384989186,0.28275281781416,0.719672734299852,-0.302745106950016,-0.232105993448539,0.0046511385095246,-0.0490441269187102,27.0,5,3.332204510175204,23.0
27843.0,1.23431656641436,0.391659497417323,-0.158349485359813,1.06570297645116,0.145266450952989,-0.745113934233466,0.414071750296981,-0.167146541013518,-0.149741804040559,0.0274011373018694,-0.289654192419877,-0.164745105287664,-0.900239082617992,0.766561517859059,1.02999054666331,-0.468547971859758,0.0159932339842858,-0.711973921258816,-0.605404044171443,-0.244331030786242,0.020156485352875,0.109597209871888,-0.104659174586481,0.0710380822610612,0.75036176217616,-0.263744535267475,0.0029362521969879,0.0055632038858811,1.0,0,0.6931471805599453,7.0
119807.0,1.93248972642194,-1.42670338216212,-0.620393330528314,-0.674915111951595,-1.39319953261933,-0.731565425994709,-0.918531770917354,-0.0967508121445252,0.299541462217486,0.71336896466781,-1.0313316464318,-1.08676921581676,-0.903583879170529,-0.229989839020304,0.363272007723225,1.17854123971033,0.237041674389591,-1.05528626512409,0.367891519959155,0.126869784966643,0.381694859790568,0.879760843105143,0.0448181358461906,-0.0710793104997424,-0.237658355642606,-0.0889705476797676,-0.0158783226631268,-0.031240880132621,129.0,8,4.867534450455582,9.0
118210.0,1.90811598841206,-0.456354050941276,-0.955434888802316,0.417351046815173,-0.242982821846714,-0.266908895082337,-0.30635238510293,0.0718286958882349,0.689473332193255,0.273384947998386,0.64308512679279,0.300869151821919,-1.33340823511733,0.577477773841081,-0.253837856368657,0.357922995199289,-0.604192212941428,0.291906915074984,0.146628271174511,-0.17705662756245,0.0238171403218778,-0.0072923216077808,0.227992642064492,0.749650746416738,-0.277875242524697,0.170334023663821,-0.064917633755222,-0.0513417071843654,48.95,6,3.9110225050945626,8.0
100842.0,1.95489759982214,-0.417062267924803,0.275222305411622,0.567869752129101,-0.984384627254625,-0.377675091677681,-0.964275054878941,-0.049667903901883,2.62679297099591,-0.407542407250662,0.16799843419521,-1.99519880782972,2.10305485276448,1.06233523767003,0.0468294990475004,0.561360167777618,0.140102719884985,0.175418141389981,-0.590854124621833,-0.196457942269545,-0.10365569816019,0.112651637913791,0.329505410063928,-0.0392349431291411,-0.63012881762298,0.444316772350178,-0.035145653480144,-0.0429444440233439,15.95,4,2.830267833826459,4.0
33277.0,0.490929047795653,-1.77261078153086,0.955247359846857,0.981177869429898,-1.51960135776314,0.891151568384124,-0.654097552276787,0.243703443689143,1.93399595897139,-0.739496159170975,-2.11044803056119,0.486058571609509,-0.0480085645483522,-1.10011282184748,-1.36348466206316,-0.209522657486479,0.159998157664443,-0.0807056677655188,0.733508007519265,0.646598007724882,0.0598843274160254,-0.150163827378162,-0.479282171371297,-0.341664696520215,0.331386193987737,0.731665964610775,-0.0331668221696853,0.0785645852928378,374.0,9,5.926926025970411,9.0
79342.0,-1.48080335247665,-0.728415439578412,2.39256807777938,-1.65455975626669,0.423588870536508,-0.961232130574227,-0.567451801366998,0.351149024344163,1.39156869060352,-1.79186365575535,-0.643659808738427,-0.041474681204055,-1.32244015320795,0.0028837784772571,1.09284409223039,-0.548718444073809,-0.0047899387968822,-0.0010831407789419,-0.300394262309835,0.0391293583188888,0.134693475106468,0.212248489489716,-0.129705702591779,0.052726492096314,0.440945658684289,-0.74097741221895,0.0830420891153905,0.0907905908808671,1.0,0,0.6931471805599453,22.0
8040.0,-1.18829744571943,3.20435322993297,-1.7075119533368,0.830825811548231,1.82852009070026,-0.982126387079033,2.04605535753979,-1.53010983436607,3.82024620948826,3.61570842741394,4.6040375645083,-2.59481804956034,1.79327644436506,-4.32168971400585,0.217070218686666,-0.181924818501918,2.69061950009744,1.37464442343737,-0.994893246500503,2.05472588532323,-0.947996815452596,-0.0906680810080739,-0.0548655200274115,-0.418848466156393,-0.213235043280996,-0.63399967525876,-0.202211557887198,-1.41067487982064,0.89,0,0.636576829071551,2.0
168682.0,-1.36974093168758,0.599437606476377,-0.806910339374596,-0.149228454083978,3.09421966260132,-1.92575952393652,1.05227562559171,-0.237399344984272,-1.05251906851225,-1.9470010867738,-0.15107817131742,-0.660489574508293,-0.148479154548377,-2.50269106310255,-0.151997797219421,0.200538981154298,2.22218940343052,0.680702301612047,-0.248703826818978,0.339219076673631,0.0255126896447602,-0.178496013700851,-0.494648514257543,0.439421792114466,1.24398983683017,0.826417572047802,-0.0903439505486628,0.110409111050098,0.76,0,0.5653138090500605,22.0
35531.0,0.0397272085162488,0.324801217353937,-0.492264474992434,-1.77997069970872,1.69644904727569,3.82293513011228,-1.68373005677401,-1.69112489207365,-0.22414145885044,-1.11000707013961,-0.174996203822425,0.22892670070757,-0.223818078698165,0.593813855535086,0.923410788796712,1.3282429250359,-1.06112056136129,-0.0225154596390813,-0.626818898285517,0.679484607251266,-1.52901960652817,-0.670938390281012,0.0671508001655606,1.0120458294599,0.785662191278929,0.750560301271992,-0.112818078659549,0.0997210819992325,16.88,4,2.883682769745368,9.0
126064.0,-1.50078108252648,0.311474062119335,0.0779218422029115,1.94445250691435,1.50978528391855,-0.697625877029205,0.689735313401698,0.0490308479674255,-1.54025734900935,0.537476359640289,0.601682989259289,-0.348987127399255,-1.08888243041286,1.38629166712628,1.14113932596307,-1.19613976310639,0.422603589292439,0.76580622806031,2.86935490121853,0.134588212693234,0.15415115984333,0.5313204336291,-0.0931976381781457,-0.391075051626384,0.974323935957525,0.0765374794003944,-0.287979486437804,-0.300276684746253,10.64,3,2.454447442303292,11.0
157278.0,1.98478749950886,-1.93703612313285,0.486613320865159,-1.24553576618384,-2.51853616097183,-0.544524096654029,-1.81924359825084,-0.0748748693955504,-0.659776522988616,1.40703813077374,-0.494080539349093,0.0781407474440046,1.93323157948851,-1.23170093912216,0.336300016058499,-0.0076383096367597,0.229932204176183,0.391021158725805,-0.791485985190097,-0.127857541207594,0.174010965352381,0.889288606422719,0.218247604716709,0.492384100728481,-0.584598756762151,-0.135039829932695,0.0703189571145081,-0.0002050201457929,120.0,8,4.795790545596741,19.0
166921.0,0.0444567929750507,0.327662597937109,1.00777869371742,-0.0492574200875676,-0.856661184683573,-0.227775861922189,0.170704580989608,-0.116367360830649,-0.771443091621626,0.691690504065194,-1.24934529943306,-0.410796680830385,0.186943256823341,-0.21702285111,0.440341184689158,-1.14722288702502,-0.4910159967359,1.5307973974445,-1.07360028206676,-0.646362929317484,-0.350570223627669,-0.53976390429249,0.28492239767694,-0.0730536626143706,-1.17145309888482,-1.00388572440655,-0.0066579010209721,0.121459415117682,64.0,7,4.174387269895637,22.0
144364.0,0.0454287371766183,0.840299729772633,0.287679575987726,-0.579770940689109,0.358921019712206,-1.1361185169112,0.991196678527868,-0.185790128725851,0.0157611577778477,-0.400148950469725,-0.987876167738086,-0.0758431831225969,-0.397176382362535,0.193460583137167,-0.359566066030421,-0.0765328341324811,-0.382317128351237,-0.701402417991596,-0.0847705181648429,-0.0645682213938182,-0.264551463967069,-0.602709887846554,0.0765637956708783,0.0282150508307731,-0.504067878898635,0.13907004957401,0.244435515552496,0.0965947238265277,3.96,2,1.601405740736836,16.0
38330.0,-0.73077876703322,-0.0750125358917537,2.31603175250962,-1.90274517811491,-0.551712544720433,-0.0374567519020557,0.541981180381934,-0.058827992445685,-1.58070793046553,0.0681310956316412,1.82513869015958,-0.0027583704557211,0.23045464523493,-0.397032783911445,-0.135917270748214,1.23017394081012,-0.0711062573683233,-1.38305403325609,-0.13428588053495,0.338117105609476,0.136743264821984,0.217508165672872,0.0001214500899882,0.195499501922002,0.143696426940822,-0.527853346471462,-0.145275846022198,-0.162601786722767,96.0,7,4.574710978503383,10.0
57073.0,-1.73207549358542,0.578222215740362,0.453474382050254,-1.76596419307936,-1.29892655315249,0.539097590381141,0.209678438001672,0.952679227162315,-1.73184187907607,-0.427826021505766,0.942841569944247,-0.45711462169628,-1.53722681403978,0.732823402490534,-0.882236264316016,0.643251651650115,1.09525353895967,-1.73810614453111,-0.118393889597593,-0.412787875997156,0.366963286770026,0.73678936567163,-0.284901585316618,-0.274201295259458,0.604378022595852,-0.119915721701646,-0.392292973169755,-0.163115306006279,170.0,8,5.14166355650266,15.0
71637.0,1.07647882528329,-0.36762864319253,1.671371124618,1.1961105897773,-1.3127530195725,0.301725281919094,-0.904846401196762,0.263016056752847,1.38838258417198,-0.463655491427942,-0.4528703461722,1.25022124433932,0.366081578470331,-0.971988179944105,-1.05315644096201,-0.919086701879299,0.738030427282704,-0.998348450006223,-0.291868284520781,-0.145842981200836,0.0868815788707334,0.776167569488348,-0.0480310802184588,0.71790179411959,0.415451627276799,0.581893868078507,0.0595322279257176,0.0244477786309323,4.63,2,1.728109442151599,19.0
91806.0,-1.76394185977149,0.446262519353406,2.16140968827279,-2.60686996405597,-0.383245077827099,-0.135535197303976,0.0728917322973266,0.0498064253394933,3.50296501850422,-0.791728531649974,-0.847194515841876,-3.60944881469882,0.122722379590929,0.598561535334906,-0.123038391493804,1.05110178436855,-0.607028143081475,0.979259008142857,-1.220950989688,0.19004934615323,-0.256614325992688,0.116370589732417,-0.427285858606184,-0.707666911086328,0.62810226581293,0.639903747389886,0.397385605925572,0.0957230314624763,47.0,6,3.871201010907891,1.0
154720.0,-0.266181419622146,1.05573785088633,-1.24701881970597,-0.624035673501459,1.47172192791233,0.0187351022317146,0.915247505430664,-0.199240589382409,-0.0549135001848707,-0.413633203031011,0.272668044282648,0.0564467985417793,0.224606707880175,-0.973233344453517,0.145652120057472,0.571982426411052,-0.194088809863239,1.57821620716905,0.558900725833562,-0.215183601087362,0.303201312834083,0.904847267883365,-0.190735625853102,-0.417982317970095,-0.265341629608432,-0.185825589542368,-0.342564532756069,0.0804710097659571,24.9,5,3.254242968705492,18.0
114098.0,-0.957610293097517,0.651041255767538,2.34613353643453,-0.973165770300358,1.46286372515576,0.690948509993208,1.68245824049145,-1.479583931385,1.29253638415374,0.988402967775834,-0.762974569236403,-0.104478070338749,1.35956184427228,-1.94851226527668,0.879072805128709,-0.439258544850989,-1.40614681963103,-0.0811638391937264,0.78534706787553,0.390296400325491,-0.428462549184207,-0.385551332676774,-0.453156093713513,0.028889445535649,0.255979278592517,-0.670512705761476,-1.91967739487637,-1.10507853459623,4.99,2,1.7900914121273581,7.0
128247.0,-0.995676867871412,1.06958181301395,1.81107612993918,-0.519344061829053,-0.355455917882077,-0.138113945478834,0.0417006692360089,0.611548368360837,-0.456468563371538,-1.04830223917957,0.866321895936773,0.868250050246662,0.0356558744728197,0.490319668345261,0.299049553343175,0.325860229013367,-0.467292990208982,0.534290884378227,0.512749983210095,-0.127527201517594,-0.032843990657112,-0.237317568152021,-0.2169267273524,-0.0175078335548627,0.251338352542328,-0.426714330789717,-0.0496212956327757,0.0029984147041494,1.0,0,0.6931471805599453,11.0
79454.0,1.14418798870568,-0.668446208486308,0.923432911839689,-0.812858615412213,-1.34301204133703,-0.220618021984815,-0.96087591331866,0.416876130363605,2.01690221823152,-0.8636749221328,1.13069935250577,-0.078766841133663,-3.30392303584655,0.70982314867064,1.15139487409578,-0.451313874097435,0.135079970192712,0.550998276687651,0.431646261399898,-0.353088993079674,0.0444371333394158,0.222828967210108,0.0440055016411977,0.162639097412265,0.264478163671106,-0.676473930479732,0.0861651612033399,0.0170596863941688,1.0,0,0.6931471805599453,22.0
146617.0,2.01162682030036,0.0919686220688857,-1.61049483328074,0.349892400500521,0.367335788050201,-0.665185972649994,0.0831775703073732,-0.0954237423719816,0.239722867151809,-0.207695726796233,1.27740967562482,0.831612659506625,-0.175929367227779,-0.611171632814401,-0.494928293006443,0.464483233264125,0.298001924327735,0.142472118583074,0.271439586207621,-0.15126430269653,-0.299766169237033,-0.809765564353263,0.348717186741767,0.666609864132956,-0.318765257669351,0.142592081658477,-0.0677808669601909,-0.0383458398917412,5.49,2,1.8702625307159986,16.0
38068.0,1.19508598966102,-0.0396262165029196,0.316307172722616,0.402772408908519,-0.299919867305524,-0.0700446228708199,-0.295558162434417,0.243370130963858,0.183407863307094,0.133003526428313,0.983897410660223,-0.297398437085101,-2.23740321343699,0.943230803222742,0.882173837932396,0.41981501446338,-0.371264200878827,-0.0816242536629653,-0.0474907303380645,-0.263469550207935,-0.228340142116805,-0.783149055180122,0.142975447712995,-0.382045435351874,0.0733844847625398,0.135520114040959,-0.0332346319666616,-0.0032394838027894,1.98,1,1.091923300517313,10.0
71528.0,-1.88303835758279,-2.74678797888393,0.946775782540257,-0.165024162914873,1.20963195693107,-1.73728959186166,-1.05981313543024,0.158823239050203,-1.03096121830033,0.515527332037086,-0.909768992393152,-1.11042049497901,-1.52506893074483,0.474833008334493,0.813372846371941,-2.50153874218565,1.13275079335486,0.697718509954277,0.409131852648181,0.449432573130997,-0.0630687472119284,-0.532201010990686,0.748395468041871,0.0894045902961233,-0.545874215134012,1.55691010130583,-0.0620714762287103,0.179902368507343,139.98,8,4.94861803634573,19.0
109397.0,-0.555212904874128,0.427507851487397,-0.185142011191085,-0.282922554213852,1.14266496480918,0.379620195464203,1.17364062989102,0.0675347954724248,1.06422890591422,-1.85559579092537,0.997474092067914,-2.84807871329545,1.03178433721698,0.792379687183908,0.692462315817618,-0.711789290315028,1.96165066765252,-0.394978683963238,-1.90584961184248,0.0736292725341039,0.273158572712623,0.889982406961059,0.0824469399580416,-1.19268948958681,0.178295996524098,-0.0431217419596021,0.0010073322948366,0.0354430221512684,155.49,8,5.05299211017508,6.0
96136.0,-0.870406669550308,0.740659389905405,1.4815790024467,-1.20605275823717,1.01059192197126,-0.315061567863121,1.0782564415272,-0.352116005895957,1.30464451568108,-1.23869986565057,1.23144099921359,-1.81404700749831,1.5087352748098,1.23107381926454,-2.42599550007129,-0.329474871547051,-0.0135907056247221,0.455545750736648,-0.0514693490972005,-0.145904683301683,-0.0831174299684866,0.297912754408481,-0.733450832916923,-0.32585493319303,1.02381663006017,0.15437068462344,-0.321331319077404,-0.221810008914925,9.8,3,2.379546134130174,2.0
139319.0,1.71995247239113,-0.784659234497442,-0.859475107229888,0.218170984129996,-0.225200378634783,0.289499542162623,-0.360711009267796,0.128130287498691,0.967710719051957,-0.0595698736484699,0.412122530344464,0.988237720047548,0.0954182780920364,0.205215846410854,0.0366142155920185,0.559999233925593,-0.989565340283555,0.463069209793017,0.420189279663892,0.115975414548202,-0.130212726840922,-0.631677440487337,0.225649886909595,0.147434265346061,-0.43155231485958,-0.698757984929736,-0.0061492271045469,-0.0154435744290176,149.15,8,5.011634794429339,14.0
49969.0,-1.03413989434774,-0.541254842055081,2.16139919612814,-1.67517773535855,-0.59998775982227,-0.468209726447469,-0.110885154821228,0.223810106117855,-0.991154071570724,-0.221283531583067,-0.544741950834901,-1.77204022792386,-1.68470294820576,-0.0502739074249644,0.864200341501408,1.34023961617,0.295919094105928,-1.35433424656466,-0.415331963340809,0.224025656673679,0.219077815337762,0.126594681239795,0.0803043988957568,0.0116372351645162,0.188051107527616,-0.385429717817344,0.0041001258430894,0.0731835509371059,93.0,7,4.543294782270004,13.0
149364.0,-1.98317261007472,2.46294790591957,-1.89480509086919,-0.407259530918551,-0.700775098474015,-1.20268668311537,-0.393363338605194,1.49419182191883,-0.24712256165919,-0.289274507684631,-1.00063977966651,1.04371622061215,0.817957362253694,1.37026692323972,0.347504773979236,-0.176419182189869,0.299705188450794,0.0198433017193916,-0.271759995414298,-0.0208815984672111,0.478773669092969,1.30585766043682,0.168657991471283,1.13006033638261,-0.56904648815926,-0.253438487025258,0.333400778548879,0.253132950061466,8.99,3,2.301584592660462,17.0
156053.0,1.54691166996731,-1.24609742495892,-1.06256471338175,-0.0004855992815729,-0.412679269857287,0.300339679765701,-0.320159382224857,0.146816806105534,1.14431057016727,-0.125857090928199,0.206518174499935,0.484923257172429,-0.738667332585714,0.375123820304912,0.181692161643418,0.664800536232657,-0.931832847012415,0.545855016479864,0.539828058978413,0.285733727894201,-0.0993470889616111,-0.81785986826546,0.150139226914418,0.0444120540373713,-0.557809795985758,-0.362031568378053,-0.0568795800403878,-0.0060725975888591,250.0,9,5.5254529391317835,19.0
81438.0,1.34023256380493,-0.833991406883479,-0.278163361769309,-0.988108133425825,-0.0537674291222332,0.985750992418755,-0.70044981238259,0.210136811761426,-0.610152387207971,0.593640296885271,-0.200019526697101,-0.0705566439913938,0.358024800176255,-0.357357717894559,-0.817276878992389,0.985585010984898,0.0742672775454071,-1.16279216411952,1.50642275178382,0.18204567176855,-0.0265914412416595,-0.0757407545420131,-0.271177867527985,-1.66562286433576,0.67214580500275,-0.130549432969765,0.0162459050509261,-0.0095267599001605,56.0,6,4.04305126783455,22.0
143685.0,2.25182580899321,-0.630156958542492,-1.71101772999197,-0.7540382123075,-0.34630122443863,-1.46263278088461,-0.0293413249129668,-0.452267883413206,-0.474261760810041,0.828262241717896,-0.895438531488061,-0.80419558290875,-0.725982086586454,0.182195322789493,-0.650876593965592,0.2057150288086,0.678535994866616,-1.88498367786844,0.823523530554033,-0.138327335019834,0.208872927004312,0.723593020666569,0.0132029146712731,0.0278386575874704,0.326929021246894,0.0094462494169116,-0.0575310417834579,-0.0800872857404242,2.99,1,1.3837912309017721,15.0
42248.0,-1.46002687892064,0.835253343919523,0.976591688059572,0.633643197268603,0.0733133550673213,-0.559511125615183,0.385547794580686,0.311060318544656,-0.85276170444938,-0.33045599929575,-0.390902337225783,-0.3828996414259,-0.672138426985073,0.805346752263627,1.54743016930838,-0.627388865290511,0.597531147587795,-0.508622113434683,0.747999686193428,-0.118061653229906,0.08045304971772,0.0618512370871239,-0.0388126955269528,0.0969554181203928,0.312642476157179,0.561975483700298,-0.385759026973384,0.0750611222360535,29.0,5,3.4011973816621555,11.0
56204.0,1.40442168235717,-1.49797470443003,-1.58430326110299,-2.3000793369248,1.098217265879,3.24696496716702,-1.13557829188619,0.660623333875558,-1.96027280881504,1.40494912398998,-0.486103139432202,-0.933322305967856,0.311294209709203,-0.198689987051175,-0.189487554822331,-0.643330854242446,0.37842697768205,0.139199152761056,0.394529452834359,-0.035927017389781,-0.20569661870962,-0.43634102152469,-0.203841794099229,1.01811752198679,0.803714062183786,-0.0586799117987127,0.0009939575422609,0.0188899383290807,108.0,8,4.6913478822291435,15.0
82235.0,1.22942819514715,0.238086690902568,0.0432035952271204,0.594899632407789,-0.0533853213066414,-0.707385924301184,0.25492464643684,-0.175572844649256,-0.115607409383677,-0.0663019494222348,-0.0818808949509236,0.308514536976964,0.0656642459621535,0.434928667425183,1.03823250919237,-0.294165615058583,-0.0113495563755444,-0.940679827500719,-0.47282676104078,-0.128613019430785,-0.0261404014501319,-0.0161346776560577,-0.035714052014479,0.111507656273377,0.496087442282068,0.396539836830763,-0.0360571358274821,0.003605292959761,9.99,3,2.39698576841553,22.0
147777.0,1.64900069275562,-0.934548315287716,-1.55728030539924,0.347311418966193,1.65316487123434,4.18528804699524,-1.07539194019881,1.09600328417449,0.905568446912827,0.101457228817352,-0.192228159407883,0.426591417885629,0.0235234612925301,0.0728845379333741,0.995077751987993,0.436300779397246,-0.813785600358302,0.0125158956467163,-0.759858072738797,0.117355467629877,0.0530552013786394,-0.128435288986649,0.226388396636626,0.654237419184557,-0.366318936768251,-0.818462326427165,0.0636411792138979,-0.0033838021545897,147.6,8,5.001258132283659,17.0
5667.0,-0.408406501803204,0.668479839089619,1.69200394412917,1.29809818662477,0.725949934119057,0.886787149192854,0.642480030781569,-0.351020070698749,1.79604143122584,0.761164796272321,2.26449212637035,-2.79500796406049,-0.556494552955894,1.28154133965745,-0.62595313974006,-1.49098048655027,1.15216185268386,-0.279601417314424,0.408176712439931,0.0351377393188025,-0.274927358914685,0.15359144064112,-0.203736495713935,-0.37532543712647,-0.302177684464362,-0.360291644568758,-0.565731874408872,-0.587496494881746,14.32,4,2.729159164312445,1.0
2423.0,-0.323034653728129,0.706652343048545,0.895411868036496,-2.15205958630296,0.423785100248149,-1.21712987756288,1.17027442074347,-0.417092382940878,0.852196213464595,-1.15201709839809,-0.769283022316395,0.114535710119928,-0.0266387557552148,0.0294075376480129,0.908748944215807,-0.440510312373912,-0.757403607994815,0.19233214638371,0.0858140995129313,0.052831164846135,0.0288555060921838,0.47134845537365,-0.358870908734488,-0.10617794595666,0.143148634136286,-0.808874282534371,0.238886507686924,-0.0185155660060175,1.0,0,0.6931471805599453,0.0
39951.0,-2.11374469589605,0.115570739922231,0.80630282734351,-1.06300652519606,-0.247814963432818,0.610174487349017,-0.665317854632993,1.22473863015053,0.617415038101334,-1.41547741173591,-2.38249342232902,0.146431481974785,0.0221739482084282,-0.125271544908265,-0.646487111684047,0.475887977660144,-0.036052685119862,-0.446187091338729,-0.0692420935399051,-0.0631863400301128,-0.140016063117825,-0.550059460825762,-0.197349114255272,-1.25033515654491,0.0430651172150127,0.899032220250914,-0.0577935173404274,-0.140169382157762,46.91,6,3.8693242508950307,11.0
165834.0,-2.05096406036385,1.65026140048898,0.0737702911617177,-1.18703171962477,0.925928137485913,-0.675111450692772,0.738917798690789,0.424664230982068,-0.528096287383627,-0.673051384458343,1.13570812104179,1.01313163597286,0.527660827381294,-0.802739184044357,-1.13804125529867,0.679519017881188,0.182099395345455,0.108458406572812,-0.361075201534254,0.150862899196444,-0.377256143288225,-1.02549960582141,-0.444515647580554,0.696868015225746,0.713451455443488,0.194674015097443,0.238216031246091,0.0710252026724881,9.23,3,2.325324579963535,22.0
70581.0,1.13515583010566,-0.479541252344245,0.300655190482504,-0.619022647623076,-0.945925791421204,-1.05154031893386,-0.0606337770656032,-0.146172530938027,1.69315537042282,-1.12392072928166,-0.620211382889907,0.475284304717552,-0.932201458434613,0.183704053459077,0.605004939201024,-0.936086226030941,0.224104323686505,-0.290596704722716,0.942045144596702,-0.0516689013292245,-0.222797045795962,-0.55939523648962,-0.0527217540215408,0.377421264906519,0.563092433276476,-0.846815940465156,0.0493550639120628,0.0360153423181095,72.6,7,4.298645025734831,19.0
122710.0,1.95806768392851,-0.228600112532901,-0.896420367341104,0.124061231503846,-0.274014127419905,-0.2282698105212,-0.660040609449637,0.212707295637442,1.14797111121279,-0.525210592860745,1.18493197852702,0.460441134973693,-0.9878255620575,-0.91590504546421,0.297570412458194,0.808772968665889,0.295762976102605,0.813369852879096,0.0759004460568021,-0.213566846210378,-0.222140131980522,-0.579176948610761,0.419171706797636,0.545713977798399,-0.560592346581018,-0.329806115253028,0.013641635533559,-0.0154154701476387,0.77,0,0.5709795465857378,10.0
131817.0,2.03484112795146,-0.268637574746214,-1.1693412121295,0.105110058872199,-0.030075831801084,-0.533218384709394,-0.0571550608451241,-0.154116533662956,0.831378772940008,-0.0419545316302091,0.443964178213154,1.39723192646454,0.374410713418794,0.122148402194534,-1.17556006886468,-0.39014043529387,-0.441553514494792,0.0910541157549794,0.6802962009571,-0.200226243699023,0.113967353407829,0.662357198607623,-0.0201035613240478,-0.259288722365828,0.231869374373003,0.193426881779658,-0.0262457793793174,-0.0753277935402357,1.0,0,0.6931471805599453,12.0
158110.0,-0.0177712789250598,1.08573412214913,-1.02000768474748,-1.36319675673017,1.66515878845328,-0.768220096231134,1.59608829029848,-0.273367947433838,-0.732748964122859,-0.329922156670311,0.47320485628143,0.696675691350299,0.323071092614834,0.760750557526826,-0.868644902238314,-0.340980334069628,-0.870682834553101,0.220212750439176,0.331275238099002,0.0120696775279969,0.268774209273631,0.948463127576729,-0.292293962277744,0.349625228294774,-0.241197198087437,0.0602992475230052,0.390481317800517,0.262391201200357,1.46,1,0.9001613499442714,19.0
143905.0,1.84727840636871,-0.49472011412462,0.0893792730482958,1.41160021798083,-0.989233093497076,-0.222898870045376,-0.821067891560421,0.174956627144189,1.45130622496488,0.174377504129363,-1.31158352755295,-0.585333275731829,-1.63222527762888,0.144775382166743,0.892832097603542,0.615272727575059,-0.63540475853096,0.420294197656256,-0.714642053861953,-0.288051644701262,0.0563713267538043,0.167201946636603,0.263721528773947,-0.175521529351129,-0.420075886524319,-0.745486500553375,0.062514037170434,-0.0182911625434088,45.0,6,3.828641396489095,15.0
109663.0,2.06342260042213,-0.0848322202408253,-0.595907501520521,0.247027930346271,0.0888719998949913,0.079969438181502,-0.529464101662937,-0.106960061452142,2.47581955060222,-0.636221963004623,-0.265922018700094,-1.68510401550231,3.0195778985319,1.22144268040777,0.301332781599982,0.384455741919001,-0.286308984841289,0.425713257870788,-0.0637352372522343,-0.159711928826985,-0.31046353679456,-0.48875134101394,0.29409300362429,-0.0583783846243378,-0.233223371260872,-0.956388792730113,0.0339843197056788,-0.0312375696135131,2.12,1,1.1378330018213911,6.0
154595.0,-1.04492603327392,1.28938152683367,-0.127798996744583,0.322831224816288,0.227628742405503,-0.262884067522063,0.118693949114534,0.793326026746614,-0.52769532461133,-0.897975438046058,-1.46305739607979,0.340604747789378,0.263916710760979,0.654377349477144,-0.244172191491037,0.199779692326484,-0.28107685932422,-0.0369864940690946,-0.570192289206095,-0.387740559050152,0.164972809216504,0.203343962940222,-0.137385695444214,0.584225025783667,0.177173365598991,-0.705496612797039,-0.282191940574968,-0.132795039882413,20.39,4,3.062923523094314,18.0
34683.0,-1.17057787273752,0.698083146405436,0.801534274825401,0.17934350793477,-0.0024916272868243,-0.514434710062023,0.811904607475029,0.407805126816243,-0.649792808509922,-0.965507333145681,-0.68765309621165,-0.147358755977292,-0.604826474736567,0.736869798783945,0.524991403900677,0.0716275379974864,-0.213692489500647,-0.344157069759074,-1.30274396472649,-0.0511307769623425,0.289664749389875,0.419924249896743,0.11783358675224,0.0476723796418105,-0.0303531913575095,-0.506034711840946,-0.0223039641758266,0.0461189466365803,114.02,8,4.745106026285608,9.0
122147.0,1.90697007378961,-0.277454844803671,-1.97727870404992,0.224739126486483,0.512067052710473,-0.762420499085501,0.563661145178316,-0.361050559378471,0.60187522455202,-0.177440145464754,-0.963902444345168,0.369962435072514,0.152599096521756,0.553141647537454,0.495652917626341,-0.545289549088406,-0.405479974547381,-0.249662481531174,0.0711645634857395,-0.0178800595931624,0.1482881287575,0.370618031614684,-0.0723213519109804,0.434484525034214,0.387871873140502,-0.541424100610141,-0.0283184639058305,-0.037725540930266,104.99,8,4.663344750039164,9.0
64829.0,-2.13085444559033,-2.33724562103127,1.51322994732639,-1.6031840050413,-0.189340882527016,-0.154974702036323,0.933018445288306,0.0202601887401616,1.2177192045795,-1.70939918641645,0.324457094021521,0.453562171842365,-0.618961632429119,-0.168058107401565,0.0932456620712561,0.145212119509526,-1.02589125691137,1.40803638937163,0.274895843088611,1.21178189655341,0.52717374243302,0.663329396343477,0.775082923516306,-0.393337762566526,0.581453077534856,-0.708273691088029,-0.220865742132434,-0.0741680582327477,443.0,9,6.095824562432225,18.0
132174.0,-0.653274373922853,-0.555623383377159,1.16461486261784,-1.13690603879392,-1.15893493892135,0.347023017452601,-0.960905748936365,0.705601702504969,-0.894929018399175,0.08617321761556,0.222121565597703,-0.10419839658594,0.308284912801817,-0.249562759086652,-0.216312458020353,1.32826379717452,0.226568037136969,-0.148118881066601,1.77870634269146,0.374862828684396,0.480673441918124,1.05118856814058,0.17496924668663,-0.447550862185805,-0.870336908257326,-0.143131191430163,0.102650475077846,0.0842600683735636,96.0,7,4.574710978503383,12.0
69891.0,-0.388855452530495,0.766350275399269,2.05800373344448,1.31661950674921,0.197951294006749,-0.0180339005167439,0.976181325304552,-0.357065170232322,0.050889831933465,0.211561304883472,-0.356824579006211,-0.650180569038485,-1.57657175703344,-0.128123579428317,0.448213728273444,-1.42354369872857,0.633664332572453,-0.681900290938526,0.685715842413886,0.0389750713000463,-0.0942364579934102,0.206956967119601,-0.252490676323647,0.393755101528913,-0.0293486657077062,-0.276660540356938,-0.318031673559784,-0.331638349619001,18.05,4,2.94706710157271,19.0
147419.0,-0.556302904996048,1.65128399328157,-1.09452962266118,1.01831606083249,1.02870801977968,-0.359840645869266,1.0643769087201,0.401771397409092,-1.05396895212209,-0.680551870169543,0.781197548428368,-0.0099743070796201,-1.16043454552053,-0.351676476917051,-0.77206922947524,-0.349405421881034,1.30142633975624,0.96504731523493,0.813996325761371,0.0506039868665701,0.131835172749343,0.424798627862784,-0.143944526887232,0.565089715228696,0.0228305928991751,-0.423528354366517,0.307057759088645,0.21193460218031,43.92,6,3.8048831298702424,16.0
149558.0,2.05838581763838,-0.0628573657872103,-1.09633400758427,0.39269397608539,-0.0804585792245242,-1.0893998516569,0.166785283272469,-0.303120753484958,0.548885133630372,0.0656987559983003,-0.758229858561324,0.421084875708993,0.0456749832037541,0.28219070157982,0.0954813446098884,-0.14198118815367,-0.255771233181052,-0.932291684272459,0.100970687196061,-0.23012346144183,-0.28832850507808,-0.690630345819708,0.338555767191152,-0.0845195008262885,-0.304949191331942,0.205521205332836,-0.0678260212491333,-0.0612694878593398,1.79,1,1.0260415958332743,17.0
131821.0,-0.715161695027552,0.36732510027014,1.78226839231312,-2.61512028374756,0.385968647550149,-0.215298085475848,0.961412787101755,-0.710488185901109,1.79214227512135,-0.715320757385672,-0.832014274865792,-0.630871766560598,-1.05723523271197,-0.62656969159228,1.51076696299747,-0.759574508818968,-0.517795145681682,0.124913433497303,1.46734903265839,0.139912022403274,-0.347895001977496,-0.655711450478066,-0.330476064144352,0.43601722728134,0.218108933252778,-0.505005837089444,-0.991993894179102,-0.582697484543543,4.43,2,1.691939133945844,12.0
46410.0,-0.444126859958498,0.902031799419563,0.396834497822767,0.991228559494173,-0.426954334937004,-0.45386067570934,0.762914631847014,0.242295902431358,-0.727328941148881,-0.472863774367508,-0.956531525114323,-0.0474133040249832,0.227845058327191,0.605815811256636,1.00864493990997,-0.0211575502182639,-0.183069770094914,0.277843506174496,0.44832274260816,0.13465538850106,0.220361640017305,0.350430970100397,0.177449138349579,0.0226449720465475,-0.0358488069730366,-0.309563471151507,-0.0850883496468881,-0.0131411057997184,127.69,8,4.857406411505574,12.0
147901.0,-0.0304059367701706,1.97199103133344,0.449777294172964,4.41439578643103,1.14658818162445,0.261143050696087,1.20651054614386,-0.233401163098566,-2.39743551607834,1.77756919620423,-0.637672333431417,0.282078058831522,1.62117551975219,0.110335116441946,-0.350831896412193,-0.990841857071363,0.456516651431109,-0.604259560440787,1.26704389204616,0.357165813876183,0.112807161897125,0.616413423891139,-0.0849485373637196,1.20558103711607,-0.492303198420606,0.313152357932054,0.326325640948459,0.284113432089251,7.57,2,2.1482677326096886,17.0
163394.0,-1.04722821051786,-0.449880370075869,1.43544902074355,-1.36557648260091,-0.873832580706527,0.980446431978796,-1.08700291773903,1.00506588265937,-0.23532286621003,-0.127131214470613,-0.759186587592084,0.372104911054962,-0.194261863969197,-0.513911371930061,-1.91282579421777,-0.98220872093231,-0.188088644367071,2.00190783571273,-0.307857185923985,-0.276228664211987,-0.299950366564491,-0.394963629435542,0.106765186221351,0.268213940484172,-0.526994515770468,0.486537042712414,0.269527662447195,0.107414025786992,55.0,6,4.02535169073515,21.0
100516.0,1.91838882170088,0.778823678017031,-0.740754998116789,3.70508640714694,0.883833979631068,0.276497741223078,0.153857749972101,-0.129863460535873,-0.266207827567362,1.3119791684023,1.71993240119956,-1.71583387171083,2.5658046642529,1.84421192527945,-1.81870074739037,1.04534022549122,-0.505330568002234,0.451943770899635,-1.66377210752788,-0.232951612877023,0.137020972639637,0.625138910641214,0.0900718880290499,0.717090373478067,0.119219147454477,0.034632180214865,-0.0753542385212617,-0.0591173001224654,4.57,2,1.7173950539391927,3.0
140148.0,1.97337176308203,-0.152236279484921,-1.02635339397366,0.325032919533844,-0.102908852395709,-0.84434918843869,0.0969426476795315,-0.177097378565674,0.258094761715363,0.223180632957291,1.10002747122807,1.22677750409719,0.0595561988963019,0.46729886906246,-0.627723047307386,0.0056825897545626,-0.456793910822528,-0.499150257522443,0.326159585149774,-0.183200917274222,-0.215224963345645,-0.548156987287142,0.329491998310818,0.0213897377817222,-0.357507992062523,0.176323195860218,-0.0736996984594142,-0.0667933579104117,17.99,4,2.9439125248241944,14.0
25899.0,1.04357491333643,-0.918705306928291,0.146292142631703,-0.188940654821673,-1.2854709466488,-1.30295431904871,0.0490449618221033,-0.406314399547914,-0.937103647681961,0.528470837595048,-0.166737147921685,0.439092469310605,0.63169244386015,-0.0181285380018081,-0.12174851972781,-1.95671675176317,0.48226846378333,0.387857198929329,-0.721703768278524,-0.140935120785061,-0.306046525489777,-0.631542925942325,-0.0941432093607367,0.988330741351017,0.318932945150137,1.03934509535447,-0.0962256973277767,0.0337800818064081,174.98,8,5.1703703522174145,7.0
51261.0,-1.37306262214717,0.967681511533226,0.20581753257611,-3.85366273620723,-0.331673475104232,-0.781526817075659,0.308689299753361,-1.3792267521644,1.50578382111747,-2.68689826104347,-1.41714829611518,1.00670124923389,0.267724446684786,0.238138780448725,-0.0655138769549367,-0.342766167846437,-0.483291450039938,0.0029778488365073,0.0741350450006671,-0.695290512923594,1.41287669615508,-0.758137088221863,-0.0580303603273617,-0.465634622932473,0.43705756993689,-1.17877805759435,0.116927158448025,0.0429812799431007,57.01,6,4.060615409477973,14.0
86094.0,1.30184058202635,0.149403809002039,-0.106904844721625,0.247299017422476,0.390803275026519,0.283197017119566,-0.0288319101113518,0.0145887167146174,0.1199424948936,-0.114324289836193,-1.22746227070458,0.0506892189516606,0.650066964414576,0.163751275753095,1.37509428682998,0.414260071862309,-0.659280726817536,-0.546597324942731,0.0470279225249506,-0.0580758441893673,-0.316203763355154,-0.882614580361848,-0.0146154348229581,-1.33019945189818,0.332389188781611,0.209934460458316,-0.0150583192769153,0.0029040364462196,8.99,3,2.301584592660462,23.0
110028.0,2.02742892868283,-0.108880481381469,-1.30480877855846,0.295298619129333,0.167642249749768,-0.542782723775284,-0.171421880380595,-0.0988344607540285,2.05665018333172,-0.25418141675603,1.68166066489743,-2.48811447746883,-0.281565609178153,2.48920713459121,-0.287808922937856,-0.083942507914223,0.114594244156761,1.00526176167374,-0.177033529792698,-0.387394113033927,0.153451528936685,0.715908449630426,0.048886768494986,0.615944998901144,0.213301484532876,-0.502171124573183,-0.0359956901442926,-0.0675405099602533,1.0,0,0.6931471805599453,6.0
76503.0,-0.17761758375663,0.681893589952506,1.65658562190408,-0.189525674749193,0.0702961363356393,-0.807263533381734,0.889506577909636,-0.68894936450892,-0.0394943694704826,0.271110167261899,-0.108514443170407,-0.104529347311114,0.528209097713397,-0.460278005295001,1.23219813751844,-0.30873741524328,-0.305392434736566,-0.21249013363773,0.720811476815562,0.195320221632629,0.0711360605702427,0.533187813570482,-0.26779251267083,0.499802901728763,-0.177717217006597,1.09139512411036,-0.625612108877501,-0.430069360992259,5.84,2,1.922787731634459,21.0
48097.0,0.240306494975979,-1.88576251663345,0.640169497778561,0.553165431181663,-1.22283463480284,1.05437055642468,-0.36772293907936,0.404477397757926,0.898792341964056,-0.494372344757083,1.2525737789879,1.14556403793484,-0.617393043462085,-0.0958558014444117,-0.426984526965619,-0.393849000569158,0.480768814896972,-0.892478820477806,-0.172912386626568,0.709138338909587,0.13034331576436,-0.341933383065261,-0.245602803758575,-0.209558488539744,-0.214970018042996,0.908387708662571,-0.0872111958174011,0.072199227941315,440.2,9,6.089498287379348,13.0
36595.0,1.36823054829652,-0.702589503980989,0.765404930203993,-0.796342157992469,-1.07017879077296,0.0217268747507226,-1.10225715853734,0.0951628215941104,-0.392945611295123,0.560441635126229,-0.513573397107718,-0.622256598247723,0.551056530925652,-0.484245721665699,1.38310916939624,1.32309139751691,0.143951049313639,-1.16204549504355,0.0512353110609139,0.0835881049531648,0.377796255506585,1.09518110811501,-0.135997731308182,-0.378306996189789,0.426728020174552,0.011051586984105,0.0547344994606604,0.0175538212047179,11.0,3,2.4849066497880004,10.0
68792.0,-1.90878717093948,-1.89531802476466,2.31659884144619,-2.72017032952042,0.467936884043483,-1.09281201638351,-0.431054257442236,0.187473227901504,1.85355049194602,-2.01153941214823,1.49581082815413,1.03696881284812,-1.02854415383702,-0.0399151250472918,0.815356011279676,-0.941815515822178,-0.148757911816332,0.649024813431449,0.396718554915334,0.543253585069417,0.416497772973296,0.922059892014599,0.0861713892914365,0.239938409966268,0.611853493562322,-0.749455650070117,-0.125342627371771,-0.125500650302845,118.66,8,4.7846543879618855,19.0
143327.0,-2.44206394577508,1.99695000080856,1.00353062384255,-1.88371269940827,0.342860583609412,0.198287960203482,1.07071510353597,-0.916610250799301,3.1244596308103,3.63351320579034,1.42072997507428,0.178547658337061,-0.698647584114046,-1.78927741276987,0.0577287638469247,-0.266129017742986,-1.40667964954797,0.021956819989584,-0.160079034564952,1.31284013273044,-0.525933179311349,-0.445525364785415,-0.0435898381270272,0.61814457811198,-0.0159767664775007,-0.50210885184302,-0.714018885904898,-0.498345055879603,1.54,1,0.9321640810304452,15.0
143545.0,-2.48340373490075,-3.40446675548313,1.8385153257429,-2.55635215461098,-1.49816059235136,0.0341588061566801,-0.256935358537781,0.362230044248511,-1.77132466832532,0.472930639045885,0.108645706419714,-1.32570481402511,-0.397689774341647,-0.50629698994869,-0.0189278482294404,0.949505559372428,-0.571220137975085,1.82235100095519,-1.01821064396552,1.23553273518835,0.475648733686309,0.421936791492162,1.07123010993373,-0.456168963713265,0.611596036381885,-0.0709244091862499,0.0877742608057279,0.179821579022516,512.65,9,6.241542099662273,15.0
37904.0,1.17347388087246,0.423246396737253,0.482035780686228,2.31960023249745,-0.0882206666268386,-0.0748182430250335,-0.0697582392056761,0.120263877157817,-0.740910273306509,0.914429204154964,0.578828423564955,-0.34430190600776,-1.48909627736115,0.755136915682802,-0.0152615192744243,1.01439818899633,-0.908826417985296,0.589549355653183,-0.630826175899995,-0.226728360812098,0.0651551837928626,0.0639947894178657,-0.104120538561423,-0.0287322493575846,0.522843548773787,0.0757536160051356,-0.0256082842927344,0.0041909722570556,3.77,2,1.5623463049002497,10.0
141893.0,1.98243836696634,0.668518459625035,-1.42292210330805,3.67283788027975,1.09314547018626,-0.0379598971018945,0.646259217749988,-0.244691921816924,-1.13777474209282,1.45091159350992,-1.88068947479726,-0.279513636043461,0.237188039003277,0.308515324932639,-1.305393773844,0.46044439347674,-0.74115165208275,-0.678561506167776,-1.06751082665702,-0.261708071113206,-0.0557170207626147,-0.0591018747539452,-0.0034051937920403,-0.786811619912366,0.314333773224619,0.0685111110466553,-0.0597579584947139,-0.0660393749115211,15.72,4,2.8166056076565553,15.0
26458.0,-0.331975569398859,0.91788815349471,1.55232625467095,0.215446818989425,0.603356158693449,0.269325395491798,0.742299985836227,-0.0631812324563025,-0.561264522128237,0.0029611280959911,1.26025174345928,0.675800950721698,0.243478897084685,0.0969675493346745,0.403334651935868,-0.0023867546919209,-0.693972937005876,0.0724651228170259,-0.170038112201538,-0.0200681844031135,0.0277791207177828,0.202785175321255,-0.217042829128838,-0.321901708490535,-0.012480275504988,-0.511644795852773,-0.235700485735441,-0.208642791757895,2.95,1,1.3737155789130306,7.0
161085.0,1.98325291151512,-0.176807740733589,-0.234645137981107,0.420610337069457,-0.524881189833784,-0.517921811562471,-0.426280051309952,-0.0854395698069085,1.05851529839464,-0.202975207992591,-0.294907879396714,1.25553145096294,1.26884721695795,-0.273232568898197,0.534121068062057,0.0551008512483553,-0.504026461639276,-0.429214343458172,-0.206821960090033,-0.145294867996601,-0.152294399629295,-0.250782014068172,0.44513863310243,1.13343331857583,-0.41436600047755,-0.684324797297043,0.0399918203427566,-0.018517661031306,0.12,0,0.11332868530700317,20.0
64734.0,-1.00739267550661,-0.165398857749862,0.68868191121309,-1.97367508809026,-0.889859137559201,-0.602386875559563,-0.28837137838293,0.292658789213799,-3.04482202452579,1.13438547238548,1.41924057792452,-0.218614781237292,0.151056798370123,0.332882875603382,-0.355407309708149,-0.774547511603996,0.916016975943874,-0.372601830573534,0.0955458437769939,-0.64103956516682,-0.330981080045437,-0.642449225521996,0.389396611196231,0.154101660756782,-0.178099532171106,-0.494654965309042,-0.216550849615442,-0.0938231261418395,40.72,6,3.7309806301325716,17.0
119769.0,-0.614791780116232,0.992445838963031,-0.233791903463077,-2.27641873095612,0.373609111252184,-1.48800795557503,0.962360575745087,0.116003638172071,0.153882812233973,-1.37039999805557,-1.24725141542421,0.777103143613372,0.63857358567658,0.203624795562847,-1.31984475364883,0.104676915209917,-0.561921274424531,-0.94881784274211,-0.720641131112204,-0.219040727286885,-0.13807381184475,-0.297074883012374,0.0498287242874578,-0.0614302455841766,-0.665626798006325,0.335473875947136,0.211958891251025,0.187991568427137,4.0,2,1.6094379124341003,9.0
117207.0,2.05839373627445,-0.0455522371682352,-1.07059434873141,0.41298035896877,-0.121866910792858,-1.19918547207897,0.200692260404437,-0.345354552309596,0.513871369761904,0.0665471266659959,-0.723655206165458,0.533309821009181,0.255386438243286,0.237634156783164,0.020917962050912,-0.108890978897468,-0.304679984122974,-0.886811530086908,0.150162142125613,-0.206346699051281,-0.28654863217901,-0.688129602063845,0.33356132116898,0.0262809833874175,-0.290829201994738,0.196032679916074,-0.0700347628256029,-0.0592298775349117,4.49,2,1.7029282555214393,8.0
41850.0,1.3256194119348,-1.75787030311536,0.404909398155098,-1.53742726525106,-1.38321080528582,0.9796497474606,-1.59975235595588,0.28365117290307,-1.10838250624573,1.38929532495108,-0.82161412314917,-0.803030687865602,0.1617418019864,-0.742979642972582,-0.737327730714762,0.25505747709728,-0.118187398857515,1.19383495929684,0.82918281843824,-0.0870887250013455,-0.245949119103306,-0.430069336656235,-0.246666167696997,-1.40701031670171,0.392142617017448,-0.115461883512417,0.0495531331918207,0.022342707688953,119.35,8,4.790404164229081,11.0
138751.0,1.87180498525604,0.523178349816159,0.325290377508393,3.79480451040231,-0.058570555946171,0.219239593458354,-0.268973113788502,0.0025118100132835,-0.730307130307652,1.31320094584791,-0.850571846627283,0.863878441228961,1.92020852454916,-0.474120114495874,-0.565026585295492,1.16667666526985,-1.00960331941399,-0.674385158010423,-1.66779064955718,-0.181632973769597,-0.175719809797136,-0.387722646085213,0.428308005526869,-0.0558606299619059,-0.519327834303439,-0.383361473838038,0.0259152007115493,-0.0223172848067128,0.0,0,0.0,14.0
113006.0,2.12932552441131,0.0409629635619814,-1.70527951969872,0.0155287383183195,0.629677049794782,-0.512780471507325,0.231489779316401,-0.319144682823523,0.618207944569464,-0.132970674487483,-1.13888757144881,0.702238316973291,1.35999743895487,0.198719524471182,0.81919003031888,-0.125472310714667,-0.861434706918114,0.185164877933,0.0603910612753731,-0.129057104127291,0.234082009537684,0.883998559411559,-0.0833518806602254,0.140602614099961,0.481840718073727,-0.416671112246304,0.0104780049796821,-0.0511378655015154,1.0,0,0.6931471805599453,7.0
9948.0,0.271351891561146,-1.7405217687478,0.772038692815137,0.759880915647976,-1.58109474004051,-0.223862455016143,-0.0887944314129055,-0.20115242827503,2.22244615608742,-1.00688655278481,0.417591195481028,-1.69126607567446,2.43318168237261,0.969873344273311,-0.449548916966225,0.167279104205417,0.636043033439715,-0.0947810483259977,-0.132551393907658,0.934442657147572,0.0363826972580133,-0.540242404490322,-0.368139115772921,0.455832665623696,-0.0697485308927527,0.896705803963501,-0.149523056869153,0.0969714954375164,500.0,9,6.2166061010848646,2.0
167643.0,2.07475092562516,0.0727923786233856,-1.99287254442968,0.122832174260516,0.854346440034123,-0.0538882389554728,0.0463884215911829,-0.011619308781946,0.296412150020996,-0.214147981259251,0.510457573787363,0.566254488098832,0.0157410362926414,-0.66853252013444,-0.384541196144581,0.672233573832983,0.017617806101144,0.348827109217598,0.547446445682627,-0.132994963920653,-0.356247990597304,-0.95084555940479,0.244486753594404,-0.305191346110263,-0.208431499288801,0.20508113480582,-0.0648857800636658,-0.048809973104465,1.79,1,1.0260415958332743,22.0
34928.0,1.24884630975994,0.231076222071218,0.113185897825706,0.880484268677689,0.165066102977671,0.066443747329335,-0.0345265286661042,0.0317640559078382,0.192374434502043,-0.0412537438684668,-0.974066031989727,-0.1432074247882,-0.173507813218818,0.349752577877998,1.33324798575396,0.129043797500343,-0.471350630157155,-0.283535069762229,-0.412566762933565,-0.169174465425929,-0.0704497648593629,-0.138293347190303,-0.0998404265496256,-0.791002420854203,0.582564983928344,-0.336085135067557,0.0375423147633987,0.0126820574568128,2.94,1,1.3711807233098425,9.0
79200.0,-0.44000152627232,0.682562032200064,1.29151683434985,0.964039863062872,0.115362272009212,-0.868941834205745,0.694664080769296,-0.0807492165396696,-0.471730088590731,-0.207108687754694,-0.76246792973079,-0.8663554528481,-1.34834971606624,0.630546105257623,1.18768928695309,-0.25940550794599,-0.101917883579303,0.300532711066931,0.44670728337854,0.0406336410270823,0.170601791037142,0.353717491127684,-0.0578675144479049,0.355256332544493,-0.193649809404588,-0.315362805790992,0.134245083161,0.157592214131025,40.0,6,3.713572066704308,22.0
111009.0,-0.143403325768614,1.02606469139676,-0.709466709186372,-1.00512383239287,1.48840282280975,-1.03969249845969,1.47764774458669,-0.351999337647758,0.601532441262275,-0.693447217786623,1.75925285002095,-1.93761274898659,1.34068187804572,2.33852430593155,-1.57710115801136,-0.48393984526453,0.068626477413564,0.412700827741883,-0.0542531898872435,-0.0171645476149092,0.162227868119716,0.799881570152531,-0.153010859666587,0.755138831152545,-0.33558125635897,-0.0070076718564739,0.351078959450411,0.262893716147209,20.0,4,3.044522437723423,6.0
159066.0,-1.55935653258074,-0.523267307516631,-1.76318605398313,-0.247172801246096,1.6540471970631,-1.81914654369868,0.0842796824030706,0.0340529610019752,-0.0389164194219173,-0.757245861527795,0.676623969163019,1.02025296355516,0.656620035620645,-0.44175357920151,-0.609701500980417,0.771943246442831,-0.180601413247486,1.13061631248806,-0.558763214573543,-0.711644524194908,0.428527414020989,1.36244200089704,-0.803381888138966,-0.289567520198553,-1.77710634034365,-0.534822478930861,0.439590722432503,-0.25236952744047,45.77,6,3.845241971737795,20.0
158367.0,-2.85005393185714,-0.576057447186169,-3.03359744330056,0.519115127167657,3.13970242108756,-2.9821370417683,-0.269201479046844,0.377441751132443,-0.740350592908491,-1.65931831149869,-0.335182901797754,0.537733682325844,1.18427570631903,-2.05258968259121,-0.56712575633444,0.585309664568711,2.30122274826868,0.605257133930856,-0.472767124447298,-0.230991031542949,0.114756326727154,0.236351770387264,-1.07430470400843,0.708844370815888,-0.753405959791945,0.467999509792876,0.569887760496248,-0.519821206727607,0.76,0,0.5653138090500605,19.0
68486.0,1.30487225080386,0.200051891663532,-0.425744858891345,-0.0111993040437721,0.125317008808263,-1.09962162205116,0.544748780833549,-0.442768191050649,-0.299932254008069,-0.129042049102899,-0.476929362969474,0.641709476141753,1.32142073900059,0.213750429318988,0.665112369702021,-0.00103217843107,-0.407711833523197,-0.673138363621546,0.289686434261934,0.072835449059235,-0.0500793894833679,-0.119827502936703,-0.186380817769505,0.0022511778907949,0.647710252873525,1.09458587514851,-0.111522687538391,-0.0067280616727085,34.95,5,3.5821290841670557,19.0
57207.0,1.30016399715388,0.102946031361122,-1.40367732816362,0.185655740072267,2.36061301669381,3.39877536329815,-0.269983068773149,0.765126063425655,-0.0751236338420223,0.0575981814135441,-0.417648562279536,0.128524420116884,-0.19447424066019,0.393530514667642,0.178965154626631,-0.0495024826573662,-0.61110447097861,0.0081569959427452,0.243877001618998,-0.0493924892277499,-0.0900989719747954,-0.244171303221617,-0.180229469603708,1.01890391827695,0.999122337440909,-0.245221921008474,0.0118853735613924,0.0065443138822726,1.0,0,0.6931471805599453,15.0
